main,sub,lat,lon,medium_desc,tucci_story,tags,source_url,
Aci Castello,Centro Storico,37.555,15.1498,"Seaside town under Etna’s shadow, known for its Norman castle and black lava cliffs.",Basalt and salt in the air; a plastic cup of espresso trembles as the sea breathes below.,acicastello;historic;coastal;castle;etna,https://en.wikipedia.org/wiki/Aci_Castello,
Aci Castello,Aci Trezza,37.5595,15.162,A fishing village lined with small boats and the mythic Faraglioni rocks of the Odyssey.,"The scent of octopus on charcoal, voices on the wind, and stories that never end.",acitrezza;harbor;mythic;seafood;heritage,https://en.wikipedia.org/wiki/Aci_Trezza,
Aci Castello,Ficarazzi,37.568,15.13,Quiet residential quarter with citrus-scented streets and Etna shimmering behind the rooftops.,A dog naps in the afternoon heat; time moves at the pace of a slow heartbeat.,acicastello;suburb;local-life;etna-view;quiet,https://it.wikipedia.org/wiki/Ficarazzi_(Aci_Castello),
Aci Castello,Cannizzaro,37.537,15.118,Elegant coastal district between Catania and Aci Castello; known for rocky beaches and sea views.,"Coffee, stone, and sea — everything you need for a long Sicilian conversation.",acicastello;neighborhood;beach;urban;relax,"https://en.wikipedia.org/wiki/Cannizzaro,_Aci_Castello",
Aci Castello,Capo Mulini,37.611,15.176,"Tiny harbor village between Acireale and Aci Castello, lined with seafood trattorie and lava cliffs.","Laughter under the awnings, grilled fish, and the slow applause of the tide.",acireale;harbor;seafood;coastal;relax,https://en.wikipedia.org/wiki/Capo_Mulini,
Aci Trezza,Isole dei Ciclopi,37.562,15.165,"Small volcanic islets off Aci Trezza — part myth, part geological marvel.",The sea speaks like an old uncle telling stories he’s told too many times.,acitrezza;islets;nature;snorkeling;mythology,https://en.wikipedia.org/wiki/Cyclopean_Islands,
Aci Trezza,Faraglioni di Aci Trezza,37.561,15.162,"Iconic basalt rocks rising from the sea — photographed endlessly, loved eternally.","Sun on the lens, laughter on the pier, and a camera that won’t rest.",acitrezza;rocks;scenic;heritage;coastline,https://en.wikipedia.org/wiki/Aci_Trezza,
Aci Trezza,Lungomare dei Ciclopi,37.56,15.16,"Coastal promenade lined with bars, small boats, and basalt walls glowing at sunset.","Plastic cups of beer, kids on bikes, guitar strings in the evening wind.",acitrezza;seafront;walk;sunset;local-life,https://en.wikipedia.org/wiki/Aci_Trezza,
Acireale,Centro Storico,37.613,15.164,"Baroque hill town of churches, marble facades, and almond pastries by the sea.","The bells ring like applause, and sugar drifts through the morning light.",acireale;historic;baroque;city-center;culture,https://en.wikipedia.org/wiki/Acireale,
Acireale,Santa Maria la Scala,37.611,15.169,"Tiny harbor below Acireale, carved from black rock — fishermen, silence, and salt.",Two old men mend their nets; the sea purrs like a well-fed cat.,acireale;harbor;fishing;quiet;authentic,"https://en.wikipedia.org/wiki/Santa_Maria_la_Scala,_Acireale",
Acireale,Stazzo,37.639,15.183,"Quiet fishing hamlet with pastel houses, lava rock piers, and calm blue mornings.","Anchors drying on the wall, coffee in chipped cups, and time that smells of salt.",acireale;fishing-village;harbor;quiet;authentic,https://it.wikipedia.org/wiki/Stazzo_(Acireale),
Acireale,Pozzillo,37.675,15.183,Tiny seaside village with volcanic rock beaches and clear deep water.,Waves break like slow applause; locals dive from the rocks without looking first.,acireale;seaside;swim;volcanic;local-life,https://it.wikipedia.org/wiki/Pozzillo_(Acireale),
Acireale,Guardia,37.622,15.152,"Residential quarter between the coast and Etna’s slopes; honest, unpolished, real.","Laundry in the wind, radios playing, and the hum of scooters climbing home.",acireale;suburb;local-life;etna-view;authentic,https://it.wikipedia.org/wiki/Guardia_(Acireale),
Acireale,Pennisi,37.628,15.119,A peaceful inland frazione surrounded by lemon groves and dry stone walls.,"The scent of citrus, a barking dog, and the quiet dignity of Sicilian countryside.",acireale;village;countryside;citrus;slow-life,https://it.wikipedia.org/wiki/Pennisi_(Acireale),
Adrano,Centro Storico,37.663,14.833,"Etna’s gateway town with narrow alleys, baroque façades and volcanic stone streets.","Afternoon heat rises from the cobbles — history sweats here, beautifully.",adrano;historic;etna;city-center;baroque,https://en.wikipedia.org/wiki/Adrano,
Adrano,Castello Normanno,37.664,14.834,Imposing Norman fortress guarding the valley; lava walls glowing in evening light.,"A castle born of fire, still standing, still stubborn as every Sicilian heart.",adrano;castle;heritage;landmark;lava-stone,https://en.wikipedia.org/wiki/Adrano_Castle,
Adrano,Ponte dei Saraceni,37.664,14.817,Ancient lava-stone bridge over the Simeto river; wild beauty and myth entwined.,"The sound of water below, cicadas above, and a story older than the bridge itself.",adrano;bridge;river;heritage;outdoors,https://en.wikipedia.org/wiki/Ponte_dei_Saraceni,
Adrano,Contrada Naviccia,37.6658,14.826,Quiet rural district outside Adrano with olive trees and low stone walls.,The air tastes of dust and olives; even the wind moves slowly here.,adrano;rural;countryside;olive;etna,MISSING,
Agrigento,Centro Storico,37.31,13.576,"Hilltop maze of alleys, churches, and balconies overlooking the Valley of the Temples.","Marble steps, laundry lines, and the smell of almond pastries and memory.",agrigento;historic;baroque;city-center;viewpoint,https://en.wikipedia.org/wiki/Agrigento,
Agrigento,Valle dei Templi,37.292,13.583,Archaeological park of Doric temples glowing gold at sunset.,"Columns against the sky — timeless, fragile, divine in the fading light.",agrigento;unesco;temples;archaeology;sunset,https://en.wikipedia.org/wiki/Valley_of_the_Temples,
Agrigento,Villaggio Mosè,37.29,13.582,Modern quarter south of Agrigento with restaurants and hotels near the temples.,"Less ancient, more alive — espresso machines hiss where gods once ruled.",agrigento;modern;suburb;dining;temple-district,https://it.wikipedia.org/wiki/Villaggio_Mosè,
Agrigento,Montaperto,37.334,13.548,Hilltop hamlet overlooking olive valleys west of Agrigento.,"Late light over olive trees, a dog barking somewhere, and silence that feels earned.",agrigento;village;hill;olive;quiet,https://it.wikipedia.org/wiki/Montaperto_(Agrigento),
Agrigento,Rupe Atenea,37.309,13.569,"Ancient rocky ridge once sacred to Athena, now a viewpoint above the old city.","Wind through ruined stones, whispers of gods, and one lone pigeon claiming eternity.",agrigento;archaeology;viewpoint;heritage;mythology,https://it.wikipedia.org/wiki/Rupe_Atenea,
Alicudi,Alicudi Porto,38.548,14.351,"Tiny harbor of the westernmost Aeolian island — boats, baskets, and solitude.","Salt crust on the steps, laughter from one boat, and then nothing but sea again.",alicudi;harbor;island;aeolian;remote,https://en.wikipedia.org/wiki/Alicudi,
Alicudi,Contrada Tonna,38.549,14.354,Cluster of stone houses climbing the slope above the port.,"Donkeys instead of cars, thyme instead of exhaust, time instead of rush.",alicudi;village;mountain;tradition;slow-life,MISSING,
Alicudi,Contrada Sgurbio,38.547,14.352,"One of the smallest settlements on the island; wind-sculpted, raw, eternal.","The smell of bread and seaweed, both older than anyone alive.",alicudi;hamlet;rustic;seaside;authentic,MISSING,
Alicudi,Contrada Bazzina,38.546,14.349,Rocky cove and old fishermen’s huts; turquoise water between black cliffs.,"The sea breathes heavy here, like a creature half asleep.",alicudi;cove;sea;fishing;wild,https://it.wikipedia.org/wiki/Bazzina_(Alicudi),
Alicudi,Montagna,38.55,14.355,Upper ridge of Alicudi with sweeping views of all the Aeolian chain.,"You climb until the wind forgives you, and the horizon finally smiles.",alicudi;mountain;viewpoint;hiking;nature,MISSING,
Augusta,Isola di Augusta,37.236,15.223,Historic fortified island forming the old town of Augusta.,"Cannon walls, sea gates, and the scent of diesel and history mixed together.",augusta;island;fortress;harbor;historic,"https://en.wikipedia.org/wiki/Augusta,_Sicily",
Augusta,Brucoli,37.268,15.18,Colorful seaside village north of Augusta with a canal and Norman tower.,"Tables on the water, chatter, grilled swordfish, and a breeze that forgives everything.",augusta;village;harbor;seafood;romantic,https://en.wikipedia.org/wiki/Brucoli,
Augusta,Megara Hyblaea (archaeological site),37.223,15.18,"Ruins of an ancient Greek colony, quiet fields now where columns once stood.","Cicadas drone, wheat bends, and history keeps its secrets under the soil.",augusta;archaeology;greek;unesco;heritage,https://en.wikipedia.org/wiki/Megara_Hyblaea,
Augusta,Faro Santa Croce,37.228,15.245,White lighthouse on the edge of the bay; waves crash beneath the cliffs.,Every gust feels like a conversation with the sea.,augusta;lighthouse;coast;photography;solitude,https://it.wikipedia.org/wiki/Faro_Santa_Croce,
Augusta,Monte Tauro,37.249,15.237,Hill overlooking Augusta’s gulf and industrial horizon; raw and cinematic.,"Smoke, salt, and sunset make strange company, but it works.",augusta;hill;view;contrast;industrial,MISSING,
Avola,Avola Antica,36.925,15.083,Ruins of the medieval town on the hillside above modern Avola.,Wild herbs growing through old walls; the air smells of thyme and loss.,avola;ruins;historic;hill;archeology,https://en.wikipedia.org/wiki/Avola_Antica,
Avola,Pantanello,36.904,15.132,"Family beach with shallow water, bars, and laughter echoing off the sea.","Umbrellas bloom, children shout, the Mediterranean hums like a radio.",avola;beach;family;summer;local-life,MISSING,
Avola,Gallina,36.889,15.16,Tranquil coastal area south of Avola with clear water and limestone cliffs.,"Waves whisper to the rocks — promises, maybe regrets.",avola;coast;snorkeling;quiet;natural,MISSING,
Avola,Borgellusa,36.9104,15.1382,"Residential district near the old center, ordinary in the best Sicilian way.","Here, espresso and gossip share the same table every morning.",avola;neighborhood;local-life;urban;authentic,MISSING,
Bagheria,Aspra,38.1048,13.4988,"Fishing village east of Palermo, famous for sardines and sea air.",Boats rocking like old men telling jokes they’ve told for years.,bagheria;harbor;fishing;seafood;authentic,https://en.wikipedia.org/wiki/Aspra,
Bagheria,Mongerbino,38.096,13.535,"Coastal cliff area between Aspra and Solanto; small villas, big views.","Cicadas, sunscreen, and the smell of grilled peppers on the terrace.",bagheria;coast;villa;relax;summer,https://it.wikipedia.org/wiki/Mongerbino,
Bagheria,Solanto,38.0752,13.5394,Tiny harbor with an old Bourbon fortress and deep turquoise water.,A castle reflected in water so clear it feels undeserved.,bagheria;harbor;castle;historic;romantic,https://en.wikipedia.org/wiki/Solanto,
Bagheria,Villa Palagonia,38.079,13.5122,Baroque villa famed for its grotesque statues and aristocratic eccentricity.,Marble monsters grin; you grin back — Sicily’s sense of humor in stone.,bagheria;villa;baroque;architecture;historic,https://en.wikipedia.org/wiki/Villa_Palagonia,
Bagheria,Centro Storico,38.08028,13.50861,Bustling market streets and palazzi from the golden age of merchants.,"Noise, fruit, perfume, chaos — all perfectly choreographed.",bagheria;historic;market;urban;culture,https://en.wikipedia.org/wiki/Bagheria,
Bagheria,Monte Catalfano,38.108675,13.516527,Natural park rising above Bagheria with hiking paths and sea views.,"Wind, thyme, and the shimmer of Palermo Bay below.",bagheria;park;nature;hiking;viewpoint,https://it.wikipedia.org/wiki/Monte_Catalfano,
Bronte,Maniace,37.815,14.813,"Rural village built around Nelson’s 18th-century castle, wrapped in orchards.","Stone walls, green valleys, and echoes of British ghosts speaking Italian.",bronte;castle;heritage;orchard;historic,https://en.wikipedia.org/wiki/Maniace,
Bronte,Capizzi Vecchia,37.802,14.826,Ancient hillside hamlet overlooking Etna’s lava fields; quiet and timeless.,"The sky feels larger here, and even silence has a Sicilian accent.",bronte;village;mountain;heritage;etna,MISSING,
Butera,Centro Storico,37.191,14.123,"Medieval core on a rocky hill, stone lanes and orange-tiled rooftops.","Old women on doorsteps, gossip and blessings in the same sentence.",butera;historic;hilltown;heritage;local-life,https://en.wikipedia.org/wiki/Butera,
Butera,Piano Marina,37.156,14.168,Flat coastal strip south of town; quiet beaches and olive groves.,"Wind in the reeds, a lone umbrella, the hum of August laziness.",butera;beach;coastal;quiet;olive,https://it.wikipedia.org/wiki/Piano_Marina_(Butera),
Butera,Falconara,37.145,14.178,Seaside fortress and hidden coves between cliffs and fields.,Salt-bleached walls and laughter carried by the sea breeze.,butera;castle;coast;romantic;heritage,https://en.wikipedia.org/wiki/Castello_di_Falconara,
Butera,Desusino,37.145,14.189,Low sandy beach near Butera with a sleepy summer rhythm.,Barefoot steps on hot sand and no one keeping time.,butera;beach;relax;summer;quiet,https://it.wikipedia.org/wiki/Desusino,
Butera,Piano della Fiera,37.1608,14.1459,"Rural plain used for markets and fairs, still edged by olive trees.","The dust of trade days lingers, soft as memory.",butera;plain;tradition;market;countryside,MISSING,
Caltagirone,Centro Storico,37.239,14.515,"City of ceramics and baroque façades, tiled stairs and echoing bells.","Clay under fingernails, light on glazed color — art born from earth.",caltagirone;historic;ceramics;baroque;city-center,https://en.wikipedia.org/wiki/Caltagirone,
Caltagirone,Scala di Santa Maria del Monte,37.234,14.515,Majestic staircase of hand-painted tiles climbing to the old quarter.,"Each step a story, each color a confession.",caltagirone;landmark;stairs;ceramics;unesco,https://en.wikipedia.org/wiki/Scala_di_Santa_Maria_del_Monte_(Caltagirone),
Caltagirone,Santo Pietro,37.152,14.608,"Forest reserve south of town — oak, silence, and old shepherd paths.",Pine scent and distant bells; even the wind seems devout.,caltagirone;forest;hiking;nature;reserve,https://it.wikipedia.org/wiki/Santo_Pietro_(Caltagirone),
Caltagirone,Granieri,37.176,14.537,Small wine-growing hamlet producing Nero d’Avola grapes.,The afternoon hums with bees and fermenting promise.,caltagirone;village;wine;agriculture;local-life,https://it.wikipedia.org/wiki/Granieri_(Caltagirone),
Caltagirone,Piano San Paolo,37.2444,14.5086,Rural district between hills and fields; quiet farmland and sun-bleached walls.,"Dust, sunlight, and dignity — Sicily distilled.",caltagirone;countryside;farm;quiet;authentic,MISSING,
Caltanissetta,Centro Storico,37.491,14.062,"Heart of inland Sicily — balconies, bakeries, and baroque churches.","Every corner smells of bread, faith, and diesel.",caltanissetta;historic;city-center;baroque;inland,https://en.wikipedia.org/wiki/Caltanissetta,
Caltanissetta,Santa Flavia,37.489,14.073,"Residential quarter east of the center, calm and domestic.",Laundry on lines and coffee cups clinking at noon.,caltanissetta;suburb;local-life;quiet;authentic,MISSING,
Caltanissetta,Balate,37.494,14.051,Green belt west of the city with orchards and winding roads.,"Sunlight through olive leaves — unremarkable, unforgettable.",caltanissetta;countryside;orchard;quiet;view,MISSING,
Caltanissetta,Sant’Anna,37.492,14.058,"Hospital district on the hill, wide view over valleys and wind turbines.",Even recovery here feels theatrical.,caltanissetta;hill;modern;view;urban,MISSING,
Caltanissetta,Contrada Mimiani,37.48,14.046,Rural area with wheat fields and isolated farmhouses.,The horizon wavers like a memory half-kept.,caltanissetta;countryside;wheat;agriculture;quiet,MISSING,
Capo d’Orlando,San Gregorio,38.146,14.726,Elegant seaside strip with villas and small coves.,The sea lies just beyond the garden gate.,capodorlando;beach;villas;relax;seaside,https://en.wikipedia.org/wiki/Capo_d%27Orlando,
Capo d’Orlando,Testa di Monaco,38.142,14.738,Headland south of town with trails and panoramic views.,Waves and wind argue who loves Sicily more.,capodorlando;viewpoint;hiking;coast;nature,MISSING,
Capo d’Orlando,Scafa Bassa,38.14,14.72,"Residential area near the beach, calm and lived-in.",Barefoot children and dinner smells drifting from balconies.,capodorlando;suburb;local-life;beach;quiet,MISSING,
Capo d’Orlando,Piscittina,38.144,14.734,"Upland neighborhood between sea and hills, olive trees and gardens.","The sound of sprinklers, the scent of lemons, a normal perfect day.",capodorlando;neighborhood;green;urban;authentic,MISSING,
Caronia,Centro Storico,38.017,14.467,Medieval hill village overlooking the Tyrrhenian coast.,"Stone lanes, church bells, and the smell of wood smoke.",caronia;village;historic;hill;authentic,https://en.wikipedia.org/wiki/Caronia,
Caronia,Marina di Caronia,38.029,14.471,Coastal extension with fishing boats and pebble beaches.,Fish nets drying like flags of another nation.,caronia;harbor;fishing;coastal;quiet,https://it.wikipedia.org/wiki/Marina_di_Caronia,
Caronia,Caronia Superiore,38.03,14.464,Upper medieval quarter above the modern town.,"Cobblestones, silence, and a view that forgives every climb.",caronia;village;historic;mountain;view,https://it.wikipedia.org/wiki/Caronia_Superiore,
Caronia,Parco dei Nebrodi (north sector),38.033,14.46,"Forested highlands of Sicily’s largest park; boar, beech, and fog.","The air is cold, the silence ancient.",caronia;park;forest;hiking;nature,https://en.wikipedia.org/wiki/Nebrodi,
Castelbuono,Centro Storico,37.933,14.089,"Mountain town in the Madonie, rich in pastries and tradition.","Hazelnuts, honey, and church bells — civilization in edible form.",castelbuono;village;mountain;historic;gastronomy,https://en.wikipedia.org/wiki/Castelbuono,
Castelbuono,Castello dei Ventimiglia,37.933,14.092,"Medieval castle dominating the skyline, home to relics and festivals.",Stone and pride hold equal weight here.,castelbuono;castle;heritage;landmark;culture,https://en.wikipedia.org/wiki/Castello_dei_Ventimiglia,
Castelbuono,San Guglielmo,37.928,14.091,Monastery and pilgrimage site in wooded hills outside the town.,A road of faith and fig trees.,castelbuono;monastery;spiritual;forest;heritage,MISSING,
Castelbuono,Contrada Liccia,37.937,14.081,Countryside dotted with olive groves and small farms.,The landscape smells of work and reward.,castelbuono;countryside;olive;farm;authentic,MISSING,
Castelbuono,Piano Sempria,37.9369,14.0856,"High meadow on the slopes of the Madonie, quiet and green.","Wind, bells, and the promise of rain.",castelbuono;meadow;mountain;pastoral;nature,MISSING,
Castellammare del Golfo,Centro Storico,38.03,12.882,Charming harbor town with pastel houses and lively piazzas.,"Fish, laughter, and sunlight stitched together with salt.",castellammare;harbor;historic;seafood;romantic,https://en.wikipedia.org/wiki/Castellammare_del_Golfo,
Castellammare del Golfo,Cala Marina,38.029,12.883,Waterfront promenade lined with boats and bars.,"Moorings clink, glasses clink louder.",castellammare;seafront;dining;nightlife;harbor,MISSING,
Castellammare del Golfo,Fraginesi,38.042,12.844,Countryside of olive trees and stone villas west of town.,Cicadas and distant church bells — Sicilian minimalism.,castellammare;countryside;olive;quiet;authentic,MISSING,
Castellammare del Golfo,Alcamo Marina (border zone),38.02,12.955,Long sandy stretch connecting two towns; simple beach life and sunsets.,"Umbrellas, laughter, and the smell of fried calamari.",castellammare;beach;coastal;sunset;family,MISSING,
Castellammare del Golfo,Scopello (district),38.07021,12.808,"Historic village above the coast, gateway to Zingaro Reserve.","Stone arches, slow meals, and sea as religion.",castellammare;village;heritage;sea;reserve,"https://en.wikipedia.org/wiki/Scopello,_Sicily",
Castellammare del Golfo,Guidaloca,38.056607,12.840117,Pebble beach between cliffs; clear turquoise water beloved by locals.,"Children dive, parents shout, and everyone forgives everything by noon.",castellammare;beach;swimming;family;local-favorite,https://it.wikipedia.org/wiki/Spiaggia_di_Guidaloca,
Catania,Borgo-Sanzio,37.523,15.075,Elegant residential district with cafés and tree-lined streets.,"Morning pastries, measured steps, and the sound of church bells keeping time.",catania;neighborhood;residential;cafe;local-life,MISSING,
Catania,Ognina,37.528,15.112,Small harbor and seaside promenade northeast of the city.,Salt spray on the railings and the comfort of boats that never seem to leave.,catania;harbor;seafront;local-life;sunset,"https://en.wikipedia.org/wiki/Ognina,_Catania",
Catania,San Giovanni Li Cuti,37.526,15.108,Tiny black-sand beach formed from lava rock; local favorite in summer.,"Kids diving between fishing boats, laughter louder than the waves.",catania;beach;lava;local-favorite;summer,https://en.wikipedia.org/wiki/San_Giovanni_Li_Cuti,
Catania,Playa di Catania,37.463,15.081,"Wide sandy beach stretching south of town — palms, umbrellas, and chaos.","Music, sunscreen, and arguments that end in gelato.",catania;beach;urban;summer;nightlife,https://it.wikipedia.org/wiki/Playa_di_Catania,
Catania,Picanello,37.523,15.102,"Busy local quarter of Catania; dense, authentic, full of noise and smell of bread.",The kind of place where you find both chaos and kindness within the same minute.,catania;neighborhood;local-life;urban;authentic,MISSING,
Catania,Nesima,37.515,15.045,"Residential hill district west of the center; less tourist, more real.","Scooters climb, balconies shout, life refuses to slow down.",catania;suburb;authentic;hill;urban,MISSING,
Catania,Librino,37.474,15.051,"Modern outskirts of Catania; murals, concrete, and community pride.","Beauty hidden under graffiti and sun — imperfect, alive.",catania;urban;modern;streetart;local-life,https://en.wikipedia.org/wiki/Librino,
Cefalà Diana,Bagni Termali di Cefalà,37.916,13.467,"Ancient Arabic thermal baths, still warm, still whispering steam.",You can almost hear the old prayers rise with the vapor.,cefaladiana;spa;arabic;heritage;relax,https://en.wikipedia.org/wiki/Cefal%C3%A0_Diana,
Cefalà Diana,Contrada Chiusa,37.9196,13.4657,"Rural district surrounding the old town, olive trees and dust roads.",Afternoons where even the flies seem contemplative.,cefaladiana;countryside;olive;quiet;authentic,MISSING,
Cefalù,Centro Storico,38.037,14.021,"Medieval seaside town of narrow alleys, Norman cathedral and golden light.",The sound of waves under church bells — Sicily at its most cinematic.,cefalu;historic;seaside;cathedral;heritage,https://en.wikipedia.org/wiki/Cefal%C3%B9,
Cefalù,Rocca di Cefalù,38.041,14.025,"Massive limestone rock rising over the town, with ruins and views.","A climb, a sweat, a view that forgives everything.",cefalu;hiking;view;landmark;nature,https://en.wikipedia.org/wiki/Rocca_di_Cefal%C3%B9,
Cefalù,Contrada Kalura,38.043,14.047,Quiet bay east of town with turquoise water and rocky terraces.,The sea hums like a cello beneath the cliffs.,cefalu;coast;swim;quiet;romantic,MISSING,
Cefalù,Mazzaforno,38.018,14,Coastal area west of town with villas and hidden beaches.,"Pine needles, perfume, and someone grilling fish nearby.",cefalu;beach;villa;relax;local-life,MISSING,
Cefalù,Sant’Ambrogio,38.05,14.103,Tiny fishing hamlet east of Cefalù; tranquil and timeless.,"A trattoria, three cats, and the kind of quiet that feels earned.",cefalu;fishing-village;authentic;coastal;quiet,MISSING,
Cefalù,Ogliastrillo,38.02604,13.98272,"Small rural area inland from Cefalù, olive groves and low hills.",The wind smells of hay and oil and Sunday rest.,cefalu;countryside;olive;village;quiet,MISSING,
Comiso,Centro Storico,36.949,14.609,Baroque town square lined with churches and cafés; quiet elegance.,"Porches, espresso, and the echo of laughter against stone.",comiso;historic;baroque;city-center;heritage,https://en.wikipedia.org/wiki/Comiso,
Comiso,Quartiere San Biagio,36.948,14.611,"Residential district near the heart of town, with old charm intact.",Balconies dripping with flowers and gossip.,comiso;neighborhood;local-life;baroque;authentic,MISSING,
Comiso,Pedalino,36.964,14.589,Flat agricultural area south of town; grapes and windmills.,"Endless rows, slow tractors, and the smell of wine and dust.",comiso;agriculture;vineyard;quiet;countryside,https://it.wikipedia.org/wiki/Pedalino,
Comiso,Contrada Cifali,36.9529,14.588,Rural surroundings dotted with olive trees and white stone walls.,Even the shadows take their time here.,comiso;countryside;olive;quiet;authentic,MISSING,
Donnafugata,Parco di Donnafugata,36.916,14.561,Parkland of pines and citrus trees surrounding the castle.,"Lizards, shade, and the scent of forgotten summers.",donnafugata;park;garden;historic;relax,https://en.wikipedia.org/wiki/Castello_di_Donnafugata,
Donnafugata,Contrada Camemi,36.913,14.563,Small rural district west of the estate; dry fields and fig trees.,You can almost hear the figs ripen.,donnafugata;rural;agriculture;fig;quiet,MISSING,
Donnafugata,Contrada Mazzone,36.9178,14.5526,Fertile plain used for crops and vineyards near the castle.,"Green vines, gold light, and peace that costs nothing.",donnafugata;countryside;vineyard;farm;authentic,MISSING,
Enna,Centro Storico,37.565,14.275,"Highland capital of Sicily; churches, arches, and sweeping views.",You look out and see half the island holding its breath.,enna;historic;hilltown;panorama;baroque,https://en.wikipedia.org/wiki/Enna,
Enna,Enna Alta,37.566,14.276,Upper old quarter with winding lanes and noble facades.,Stone that remembers everything — even the footsteps.,enna;historic;city-center;hill;heritage,MISSING,
Enna,Enna Bassa,37.555,14.286,"Modern university district below the old town; busy, youthful, loud.",The hum of scooters replaces church bells.,enna;modern;student;urban;contrast,https://it.wikipedia.org/wiki/Enna_Bassa,
Enna,Pergusa,37.53,14.325,"Crater lake south of Enna, natural reserve and mythic site of Persephone.","Still water, floating lilies, and stories too old to argue with.",enna;lake;nature;mythology;reserve,https://en.wikipedia.org/wiki/Lake_Pergusa,
Enna,Montesalvo,37.5648,14.2815,Hill and park area overlooking Enna; quiet walks and long horizons.,The city sighs below; you keep walking anyway.,enna;hill;park;view;relax,MISSING,
Erice,Borgo Medievale (summit),38.038,12.587,Medieval hilltop village wrapped in fog and cobblestone magic.,The scent of almonds and mystery in every corner.,erice;historic;hilltown;fog;heritage,https://en.wikipedia.org/wiki/Erice,
Erice,Pizzolungo,38.045,12.572,"Seaside district below Erice; villas, beaches, and bright horizons.",You descend from clouds to sun and salt.,erice;seaside;villa;relax;view,https://it.wikipedia.org/wiki/Pizzolungo_(Erice),
Erice,Martogna,38.028,12.56,Wooded area on the slopes of Erice; paths and picnic spots under pines.,The air smells of resin and quiet.,erice;forest;hiking;nature;family,MISSING,
Erice,Montagna di Erice,38.0302,12.583,Mountain overlooking Trapani and the sea — timeless and vast.,Fog curls like incense over stone and sky.,erice;mountain;view;hiking;landmark,MISSING,
Erice,Casa Santa,38.0287,12.5614,"Lower part of Erice near Trapani; lively, local, full of life and traffic.","Noisy, warm, and endlessly human.",erice;neighborhood;urban;local-life;coastal,https://it.wikipedia.org/wiki/Casa_Santa_(Erice),
Favignana,Cala Rossa,37.926,12.327,Dramatic turquoise cove framed by tufa cliffs; the island’s postcard soul.,"Stone bleached by sun, water like glass, and silence that feels sacred.",favignana;cove;beach;swimming;iconic,https://en.wikipedia.org/wiki/Favignana,
Favignana,Lido Burrone,37.916,12.328,"Longest beach on the island, soft sand and shallow sea; families and joy.","Children scream, waves giggle, time smiles.",favignana;beach;family;relax;summer,https://it.wikipedia.org/wiki/Lido_Burrone,
Favignana,Punta Sottile,37.908,12.305,Remote western point with lighthouse and endless horizon.,"The sea here is an idea, not a place.",favignana;lighthouse;view;photography;solitude,https://it.wikipedia.org/wiki/Punta_Sottile,
Favignana,Cala Azzurra,37.917,12.329,"Blue bay with crystal water, perfect for swimming and sun-watching.","The color is not blue, it’s happiness distilled.",favignana;cove;snorkeling;romantic;local-favorite,MISSING,
Favignana,Bue Marino,37.915,12.334,Rocky inlet named after sea oxen; deep clear water and old tufa caves.,You dive where quarrymen once worked — the sea reclaimed its sculpture.,favignana;sea;cave;diving;heritage,MISSING,
Favignana,Grotta Perciata,37.917,12.333,Natural arch and cave carved by wind and salt.,"A cathedral of air, where sunlight becomes holy.",favignana;cave;natural;photography;romantic,MISSING,
Filicudi,Filicudi Porto,38.579,14.571,"Main harbor of Filicudi, few houses, infinite calm.","One boat leaves, no one cares.",filicudi;harbor;island;aeolian;quiet,https://en.wikipedia.org/wiki/Filicudi,
Filicudi,Pecorini a Mare,38.563,14.559,"Tiny seaside hamlet, fishermen and barefoot evenings.","Dinner is caught, cooked, and forgotten before the stars arrive.",filicudi;village;fishing;seaside;authentic,https://it.wikipedia.org/wiki/Pecorini_a_Mare,
Filicudi,Val di Chiesa,38.578,14.575,High valley with olive trees and ruins of stone houses.,Wind whistles like a prayer over the terraces.,filicudi;mountain;village;countryside;olive,MISSING,
Filicudi,Montagnola,38.58,14.565,Quiet upland with views toward Alicudi; paths and solitude.,The horizon feels personal here.,filicudi;mountain;hiking;view;solitude,MISSING,
Filicudi,Zucco Grande,38.575,14.568,"Abandoned hamlet on a slope — ghosts, goats, and beauty.",Where silence built its own village.,filicudi;ruins;historic;village;wild,MISSING,
Filicudi,Capo Graziano,38.57,14.578,Bronze Age site and panoramic promontory; history meets sea.,Waves applaud the centuries.,filicudi;archaeology;view;heritage;sea,https://en.wikipedia.org/wiki/Capo_Graziano,
Forza d’Agrò,Borgo Medievale,37.937,15.345,Hilltop village above the Ionian coast; cobblestones and film memories.,You can almost hear The Godfather echo in the alleys.,forzaagro;village;historic;film;heritage,https://en.wikipedia.org/wiki/Forza_d%27Agr%C3%B2,
Forza d’Agrò,Chiesa della Santissima Trinità,37.937,15.345,16th-century church with sweeping sea views.,Faith and horizon meet without arguing.,forzaagro;church;view;baroque;heritage,MISSING,
Forza d’Agrò,Scifì,37.935,15.328,Rural hamlet below the main village; vineyards and silence.,"A rooster, a well, and time keeping no schedule.",forzaagro;village;agriculture;quiet;authentic,MISSING,
Francofonte,Centro Storico,37.222,14.826,Inland town of oranges and ochre walls; slow life and warm greetings.,A handshake can last an entire morning.,francofonte;village;inland;citrus;authentic,https://en.wikipedia.org/wiki/Francofonte,
Francofonte,Contrada Monaco,37.22,14.822,Rural area with citrus groves and narrow lanes.,The air hums with the smell of oranges and dust.,francofonte;countryside;citrus;quiet;farm,MISSING,
Francofonte,Bosco di Baulì,37.216,14.815,"Woodland area south of town; oaks, mushrooms, and forgotten paths.","The forest doesn’t speak, it listens.",francofonte;forest;hiking;nature;quiet,MISSING,
Francofonte,Passaneto,37.2154,14.8209,Plain of crops and wheat fields west of the town.,The wind carries the rhythm of work and faith.,francofonte;plain;agriculture;farm;authentic,MISSING,
Gangi,Borgo Antico,37.795,14.208,Ancient heart of the town; narrow alleys and carved balconies.,You lose yourself and find time instead.,gangi;historic;village;baroque;authentic,MISSING,
Gangi,Monte Marone,37.804,14.201,Mountain peak overlooking Madonie and Nebrodi ranges.,Sky so close it feels like a confession.,gangi;mountain;view;hiking;nature,MISSING,
Gangi,Contrada Magione,37.7958,14.2089,"Rural outskirts of Gangi, dotted with farms and olive trees.",The hills here whisper in dialect.,gangi;countryside;olive;farm;quiet,MISSING,
Gela,Centro Storico,37.069,14.25,Ancient Greek colony turned busy coastal town; mix of history and grit.,Faded grandeur meets fresh bread and laughter.,gela;historic;urban;coastal;heritage,https://en.wikipedia.org/wiki/Gela,
Gela,Lido di Gela,37.069,14.265,"Main beach area; locals, families, and summer chaos.",Umbrellas bloom like wildflowers on the sand.,gela;beach;family;urban;summer,MISSING,
Gela,Manfria,37.042,14.204,Low cliffs and sandy coves south of Gela; wilder and quieter.,Footprints vanish before the next story starts.,gela;coast;quiet;natural;sunset,MISSING,
Gela,Biviere di Gela (Nature Reserve),37.051,14.279,"Lake and wetland, rich in birds and reeds; protected sanctuary.",Herons draw calligraphy in the air.,gela;lake;reserve;birdwatching;nature,https://en.wikipedia.org/wiki/Biviere_di_Gela,
Gela,Macchitella,37.078,14.245,Modern coastal suburb with long promenade and sunset bars.,"The sea mirrors the neon lights, perfectly indifferent.",gela;seaside;urban;modern;sunset,MISSING,
Giardini Naxos,Schisò,37.819,15.266,Main bay and beach area of Naxos; volcanic sand and gentle surf.,Every evening feels like a slow encore.,naxos;beach;seaside;sunset;local-favorite,https://en.wikipedia.org/wiki/Giardini_Naxos,
Giardini Naxos,Recanati,37.822,15.273,Modern area with hotels and clubs; nightlife and rhythm.,Music spills into the sea like champagne.,naxos;nightlife;modern;seaside;party,MISSING,
Giardini Naxos,Calcarone,37.825,15.271,Rocky section of the coast with clear water and diving spots.,Boys leap from cliffs pretending they can fly.,naxos;coast;snorkeling;diving;local-life,MISSING,
Giardini Naxos,Porticciolo Saia,37.826,15.267,"Tiny port and fishing hub of Naxos; quiet mornings, slow boats.","Coffee, rope, and sea salt — the holy trifinity of work.",naxos;harbor;fishing;authentic;morning,MISSING,
Giardini Naxos,Chianchitta,37.827,15.259,"Residential neighborhood between Naxos and Taormina; simple, lived-in.","Life without performance, just breakfast and chores.",naxos;suburb;local-life;authentic;urban,MISSING,
Ispica,Centro Storico,36.786,14.905,Baroque town center with churches carved from honey-colored stone.,Every shadow smells faintly of incense.,ispica;historic;baroque;heritage;quiet,https://en.wikipedia.org/wiki/Ispica,
Ispica,Cava d’Ispica,36.798,14.905,Long canyon of prehistoric dwellings and tombs.,"History sleeps in the cliffs, dreaming of sunlight.",ispica;archaeology;canyon;historic;nature,https://en.wikipedia.org/wiki/Cava_d%27Ispica,
Ispica,Santa Maria del Focallo,36.732,14.893,Wide beach south of town; golden sand and gentle sea breeze.,"Seagulls as company, perfection as habit.",ispica;beach;coastal;relax;family,MISSING,
Ispica,Marza,36.746,14.89,Low rocky coast with crystal water; simple houses and silence.,"The sea hums softly, content to exist.",ispica;coast;quiet;authentic;swim,MISSING,
Ispica,Contrada Lanzagallo,36.7925,14.9064,Countryside area between Ispica and Pozzallo; citrus and carob trees.,Afternoons too hot to name.,ispica;countryside;citrus;carob;quiet,MISSING,
Lampedusa,Centro Storico,35.501,12.607,Lively island hub with narrow alleys and bright facades.,Even the shadows have color here.,lampedusa;island;village;harbor;local-life,https://en.wikipedia.org/wiki/Lampedusa,
Lampedusa,Cala Guitgia,35.496,12.608,Main town beach; turquoise bay with boats and sunbathers.,Salted skin and laughter in three languages.,lampedusa;beach;urban;swim;family,https://it.wikipedia.org/wiki/Cala_Guitgia,
Lampedusa,Cala Croce,35.495,12.61,"Smaller twin bay of Guitgia, calm and shallow.",Waves and whispers share the same rhythm.,lampedusa;cove;relax;quiet;romantic,https://it.wikipedia.org/wiki/Cala_Croce,
Lampedusa,Spiaggia dei Conigli,35.491,12.584,"Famous Rabbit Beach — white sand, turquoise water, protected paradise.",The kind of beauty that hushes everyone.,lampedusa;beach;unesco;protected;iconic,https://en.wikipedia.org/wiki/Spiaggia_dei_Conigli,
Lampedusa,Albero Sole,35.506,12.602,"Residential area near the port, sunny and lived-in.",Every doorway smells of sea and soap.,lampedusa;neighborhood;local-life;urban;authentic,MISSING,
Lampedusa,Capo Grecale,35.517,12.642,Northeast tip of the island; lighthouse and wild cliffs.,Wind so strong it rearranges your thoughts.,lampedusa;lighthouse;cliff;view;nature,https://it.wikipedia.org/wiki/Faro_di_Capo_Grecale,
Lampedusa,Cala Pisana,35.505,12.626,Small bay near airport; local diving spot and morning calm.,The sea greets you like an old friend.,lampedusa;cove;diving;morning;quiet,https://it.wikipedia.org/wiki/Cala_Pisana,
Lentini,Santa Croce,37.283,14.99,"Church quarter south of the center, serene and proud.",Stone saints watching scooters fly past.,lentini;church;historic;urban;authentic,https://en.wikipedia.org/wiki/Lentini,
Lentini,Lago di Lentini,37.288,14.92,"Artificial lake turned bird reserve; reeds, reflections, and calm.",The sky doubles itself every morning.,lentini;lake;birdwatching;reserve;nature,https://en.wikipedia.org/wiki/Lago_di_Lentini,
Lentini,Contrada Armicci,37.27,14.97,Rural area with citrus groves and dusty roads.,"Work, heat, and dignity.",lentini;countryside;citrus;farm;quiet,MISSING,
Lentini,Carlentini (border zone),37.286,14.955,Transition area toward Carlentini; open views and scattered farms.,A landscape drawn in chalk and memory.,lentini;border;agriculture;quiet;authentic,MISSING,
Letojanni,Lungomare Letojanni,37.858,15.304,Seaside promenade lined with cafés and parasols; Taormina’s gentle twin.,"Morning swims, evening walks, life well measured.",letojanni;seaside;beach;promenade;relax,https://en.wikipedia.org/wiki/Letojanni,
Letojanni,Mazzeo,37.855,15.3,Southern stretch of coast shared with Taormina; beach clubs and calm sea.,Music fades into waves — the good kind of repetition.,letojanni;beach;coast;sunset;local-favorite,MISSING,
Letojanni,Fondaco Parrino,37.861,15.312,"Small cove north of town; fishermen, rocks, and privacy.",The sea is louder than conversation.,letojanni;cove;quiet;romantic;authentic,MISSING,
Letojanni,Gallodoro,37.873,15.296,Hill village above Letojanni; medieval lanes and mountain air.,Laundry flutters like prayer flags over the valley.,letojanni;village;hill;historic;view,https://en.wikipedia.org/wiki/Gallodoro,
Levanzo,Cala Dogana,37.989,12.337,Tiny harbor and main landing point of Levanzo; pastel houses and still water.,The island greets you with silence and light.,levanzo;harbor;island;quiet;aeolian,https://en.wikipedia.org/wiki/Levanzo,
Levanzo,Cala Minnola,38.002,12.347,Cove with pine forest and turquoise bay; perfect for swimming and rest.,"Waves whisper, pines answer.",levanzo;cove;swimming;pine;peaceful,https://it.wikipedia.org/wiki/Cala_Minnola,
Levanzo,Cala Fredda,37.995,12.341,Small pebbly beach near the port; clear water and lazy charm.,Fishermen nap beside their boats.,levanzo;beach;local-life;quiet;authentic,https://it.wikipedia.org/wiki/Cala_Fredda,
Levanzo,Faraglione di Levanzo,38.001,12.339,Iconic rock formation just off the coast; diving and photo spot.,Nature showing off — again.,levanzo;rock;diving;landmark;sea,MISSING,
Levanzo,Grotta del Genovese,38.007,12.343,Cave with prehistoric paintings; reachable by boat or path.,The walls still remember who came first.,levanzo;cave;prehistoric;heritage;art,https://en.wikipedia.org/wiki/Grotta_del_Genovese,
Licata,Centro Storico,37.103,13.935,Old town with liberty buildings and fishermen’s alleys.,The sea hums through every street.,licata;historic;harbor;liberty;coastal,https://en.wikipedia.org/wiki/Licata,
Licata,Marianello,37.102,13.94,Main beach west of the port; soft sand and calm waves.,"Children collect shells, parents collect peace.",licata;beach;family;relax;local-favorite,MISSING,
Licata,Mollarella,37.093,13.932,Curved sandy bay surrounded by dunes and clear water.,The kind of place where time forgets its job.,licata;beach;natural;romantic;quiet,https://it.wikipedia.org/wiki/Spiaggia_di_Mollarella,
Licata,Poliscia,37.095,13.94,Residential seaside district south of Licata.,Fish grills and radio songs from every balcony.,licata;neighborhood;urban;local-life;coastal,MISSING,
Licata,Monte Sant’Angelo,37.108,13.943,Hilltop church and lookout point above the coast.,The sea kneels before the mountain.,licata;hill;church;view;heritage,MISSING,
Licata,Torre San Nicola,37.077,13.974,Coastal watchtower from the 16th century; waves licking its base.,History eroding gracefully.,licata;tower;heritage;coastal;historic,https://it.wikipedia.org/wiki/Torre_di_San_Nicola_(Licata),
Linosa,Faraglioni di Linosa,35.867,12.872,Basalt stacks rising from deep blue water.,Time forgot to break them.,linosa;rock;sea;landmark;wild,MISSING,
Linosa,Monte Vulcano,35.86,12.862,Dormant volcano forming the island’s heart.,"Heat, wind, and awe.",linosa;volcano;nature;hiking;view,MISSING,
Linosa,Punta Beppe Tuccio,35.866,12.873,North point of the island; cliffs and deep water.,Waves have the last word here.,linosa;cliff;coast;wild;diving,MISSING,
Linosa,Cala Pozzolana di Ponente,35.861,12.861,Western bay with black sand and red cliffs.,Beauty measured in silence.,linosa;beach;volcanic;quiet;romantic,MISSING,
Linosa,Cala Pozzolana di Levante,35.864,12.867,"Eastern bay, calm and shallow; sunrise swims and soft light.",Dawn paints everything forgiving.,linosa;beach;sunrise;swim;peace,MISSING,
Lipari,Centro Storico,38.4719,14.9542,"Capital of the Aeolian Islands; white alleys, cafés, and harbor charm.","Boats, bells, and the smell of sweet pastry.",lipari;island;historic;harbor;heritage,https://en.wikipedia.org/wiki/Lipari,
Lipari,Canneto,38.48,14.957,Seaside village north of town; long beach and colorful life.,"Children, gelato, and saltwater in the same breath.",lipari;village;beach;local-life;relax,https://it.wikipedia.org/wiki/Canneto_(Lipari),
Lipari,Pianoconte,38.466,14.936,Hill district above town with vineyards and wide views.,"Wine, wind, and horizon.",lipari;hill;vineyard;view;authentic,MISSING,
Lipari,Acquacalda,38.52,14.956,Quiet northern village with pumice cliffs and bright blue sea.,Peace so pure it hums.,lipari;village;coast;quiet;authentic,MISSING,
Lipari,Quattropani,38.492,14.909,"Rural western hills of Lipari; terraces, chapels, and slow sunsets.",Olive leaves flicker like tiny mirrors in the evening wind.,lipari;village;countryside;sunset;quiet,MISSING,
Lipari,Porticello,38.49,14.969,Old pumice-loading quay; white cliffs and cobalt water.,Footsteps crunch on pumice like fresh snow in July.,lipari;coast;pumice;industrial-heritage;photography,MISSING,
Lipari,Monte Guardia,38.458,14.934,High ridge above town with wide views over the Aeolian chain.,"Horizon for breakfast, islands for dessert.",lipari;mountain;viewpoint;hiking;nature,MISSING,
Lipari,Marina Corta,38.47,14.954,Picture-book harbor lined with cafés and fishing boats; Lipari’s evening living room.,"Clinking cups, rocking boats, and conversations that refuse to end.",lipari;harbor;seafront;nightlife;local-life,MISSING,
Marettimo,Centro Storico,37.968,12.064,"Tiny island village where time took a sabbatical; fishermen, cats, and calm.",The sound of nets drying in the wind is the island’s heartbeat.,marettimo;village;island;fishing;authentic,https://en.wikipedia.org/wiki/Marettimo,
Marettimo,Punta Troia,37.984,12.049,Northern cape crowned by a fortress; solitude and wind reign here.,"Salt on your lips, silence in your ears, peace without permission.",marettimo;fortress;view;cliff;wild,https://it.wikipedia.org/wiki/Castello_di_Punta_Troia,
Marettimo,Case Romane,37.977,12.059,"Roman-era ruins perched on the slope, overlooking infinite blue.",History doesn’t whisper here — it hums in stone and sea.,marettimo;ruins;heritage;historic;view,MISSING,
Marettimo,Scalo Vecchio,37.969,12.066,"Old landing pier and heart of the fishing life; boats, chatter, and espresso.","Every morning begins with ropes, coffee, and gossip.",marettimo;harbor;fishing;local-life;island,MISSING,
Marettimo,Cala Bianca,37.966,12.07,White rock bay with translucent water and endless sun.,"Here, blue has no competition.",marettimo;cove;swimming;natural;quiet,MISSING,
Marsala,Centro Storico,37.799,12.436,"Elegant streets, baroque churches, and Marsala wine cellars.","Amber light on stone, and glasses that never empty.",marsala;historic;wine;baroque;heritage,https://en.wikipedia.org/wiki/Marsala,
Marsala,Stagnone,37.86,12.468,Shallow lagoon dotted with salt flats and windmills; surreal at sunset.,"Water turns pink, salt turns gold, silence turns sacred.",marsala;lagoon;saltflats;sunset;photography,https://en.wikipedia.org/wiki/Stagnone,
Marsala,Isola di San Pantaleo (Mozia),37.869,12.471,"Phoenician island city, now ruins and reeds — fragile, eternal.",You walk where ships once prayed to the wind.,marsala;island;archaeology;heritage;unesco,https://en.wikipedia.org/wiki/Mozia,
Marsala,Birgi Vecchi,37.911,12.489,Salt pans and kitesurfers share the same horizon — old meets new.,"Wind and memory pull in opposite directions, both win.",marsala;coast;sport;saltflats;contrast,MISSING,
Marsala,Petrosino,37.6758,12.4667,Southern village of vineyards and low coastlines; quiet and local.,"Wine in the air, peace in the dust.",marsala;village;wine;coast;authentic,MISSING,
Marzamemi,Borgo Marinaro,36.744,15.115,Fishing village turned postcard beauty; tuna history and laughter at tables.,"Salt, wine, and humanity in perfect balance.",marzamemi;village;harbor;historic;romantic,https://en.wikipedia.org/wiki/Marzamemi,
Marzamemi,Porto Marzamemi,36.743,15.113,Tiny port with boats rocking in turquoise water.,The horizon smells faintly of grilled fish.,marzamemi;harbor;fishing;seafood;local-life,https://en.wikipedia.org/wiki/Marzamemi,
Marzamemi,Spinazza,36.747,15.109,"Main beach of Marzamemi; umbrellas, kids, and warm afternoons.","A sea made for stories, not speed.",marzamemi;beach;family;summer;relax,MISSING,
Marzamemi,Contrada Reitani,36.739,15.103,"Rural area south of town, where sand meets vineyards.",The silence tastes faintly of salt and grapes.,marzamemi;countryside;vineyard;quiet;authentic,MISSING,
Mazara del Vallo,Centro Storico,37.6517,12.5898,"Old port district mixing baroque, Arab, and Greek echoes.",Walls that remember every empire and every lunch.,mazara;historic;port;heritage;fusion,https://en.wikipedia.org/wiki/Mazara_del_Vallo,
Mazara del Vallo,Porto Canale,37.652,12.592,Fishing canal lined with boats and markets.,The smell of diesel and salt feels like home.,mazara;harbor;fishing;market;local-life,MISSING,
Mazara del Vallo,Tonnarella,37.647,12.587,Long sandy beach with clear water and beach bars.,"Laughter, music, and fried calamari — Sicilian essentials.",mazara;beach;summer;local-favorite;family,MISSING,
Mazara del Vallo,Boccarena,37.653,12.586,"Small cove near town; cliffs, calm, and crystal water.",The sea exhales slowly here.,mazara;cove;coast;swim;quiet,MISSING,
Menfi,Lido Fiori,37.592,12.975,Wide golden beach framed by dunes and vineyards.,Children chase waves while adults chase shade.,menfi;beach;family;vineyard;summer,MISSING,
Menfi,Porto Palo di Menfi,37.583,12.955,Fishing village and small port with seafood trattorie.,"Anchovies, laughter, and sunburned contentment.",menfi;village;harbor;seafood;authentic,https://en.wikipedia.org/wiki/Porto_Palo,
Menfi,Bertolino di Mare,37.585,12.962,Coastal area of dunes and pine trees; wild and uncrowded.,Silence broken only by the waves and your heartbeat.,menfi;coast;nature;quiet;relax,MISSING,
Menfi,Contrada Cipollazzo,37.5939,12.9532,Vineyard plains near the sea; the scent of earth and wine mingles.,"The kind of beauty you drink, not photograph.",menfi;countryside;vineyard;authentic;quiet,MISSING,
Messina,Centro Storico,38.1933,15.5542,"Port city rebuilt after the earthquake — grand, busy, alive.",A city that knows how to begin again.,messina;historic;urban;harbor;resilient,https://en.wikipedia.org/wiki/Messina,
Messina,Ganzirri,38.263,15.641,Lakeside suburb with seafood restaurants and wind on the water.,"Mussels, laughter, and floating reflections.",messina;lake;seafood;local-life;authentic,https://en.wikipedia.org/wiki/Ganzirri,
Messina,Torre Faro,38.275,15.651,Northern tip of Sicily with lighthouse and twin seas meeting.,"Two tides, one heartbeat.",messina;lighthouse;view;photography;coastal,https://en.wikipedia.org/wiki/Torre_Faro,
Messina,Annunziata,38.204,15.568,Residential quarter climbing the hills; green terraces and quiet rhythm.,The hum of life with a view.,messina;neighborhood;urban;hill;view,MISSING,
Messina,Paradiso,38.22,15.562,Elegant coastal district north of the center.,Palm trees and evening light doing their best impression of paradise.,messina;coast;urban;sunset;view,MISSING,
Messina,Contesse,38.154,15.546,"Southern extension of Messina; lively, local, real.","Traffic, markets, and the warmth that ignores formality.",messina;suburb;local-life;urban;authentic,MISSING,
Messina,Tremestieri,38.137,15.532,Port district and ferry terminal south of town.,"Engines, gulls, and the scent of departure.",messina;harbor;ferry;industrial;contrast,https://en.wikipedia.org/wiki/Tremestieri,
Messina,Camaro,38.165,15.543,Hill district with small streets and old charm.,"Laundry above, conversations below — everyday theater.",messina;neighborhood;hill;local-life;authentic,MISSING,
Milazzo,Centro Storico,38.2206,15.239,Old town near the harbor with lively evenings and narrow lanes.,"Wine glasses clinking, boats resting, moon approving.",milazzo;historic;harbor;nightlife;heritage,https://en.wikipedia.org/wiki/Milazzo,
Milazzo,Borgo Antico,38.226,15.238,Upper medieval quarter beneath the castle walls.,"Stone, echo, and endless sky.",milazzo;village;castle;historic;view,MISSING,
Milazzo,Capo Milazzo,38.269,15.247,Scenic headland with cliffs and paths to hidden bays.,Each wave introduces itself before it breaks.,milazzo;cliff;coast;hiking;photography,https://en.wikipedia.org/wiki/Milazzo#Geography,
Milazzo,Vaccarella,38.23,15.233,"Fishermen’s quarter by the sea, modest and authentic.","Boats as old as their owners, pride as young as their children.",milazzo;harbor;fishing;local-life;authentic,MISSING,
Milazzo,Ponente Beach,38.22,15.23,Long sandy beach with sunset view over the Aeolian Islands.,The horizon glows like a confession.,milazzo;beach;sunset;coastal;family,MISSING,
Milazzo,San Papino,38.225,15.236,Historic church and square near the old port.,Faith framed by sea breeze.,milazzo;church;heritage;view;historic,MISSING,
Mistretta,Centro Storico,37.929,14.358,Mountain town of narrow streets and clear air; Nebrodi at its feet.,Every echo smells of wood smoke.,mistretta;village;mountain;historic;authentic,https://en.wikipedia.org/wiki/Mistretta,
Mistretta,Parco dei Nebrodi (south sector),37.921,14.357,"Forested parkland south of town — boar, mist, and silence.",The forest has its own language — you listen.,mistretta;park;nature;forest;hiking,https://en.wikipedia.org/wiki/Nebrodi,
Mistretta,San Nicola,37.925,14.363,Rural quarter with small farms and stone walls.,Even the animals move thoughtfully here.,mistretta;village;farm;quiet;authentic,MISSING,
Mistretta,Piano della Corte,37.931,14.349,High plateau overlooking valleys and wind turbines.,Sicily’s quiet power in motion.,mistretta;plateau;view;wind;landscape,MISSING,
Mistretta,Portella di Bafò,37.9279,14.3538,Mountain pass with views toward the Tyrrhenian coast.,Clouds drift like slow travelers.,mistretta;mountain;pass;view;nature,MISSING,
Modica,Modica Alta,36.858,14.759,"Upper half of Modica — churches, steep alleys, and endless stairs.","Chocolate, bells, and vertigo.",modica;historic;baroque;hill;heritage,https://en.wikipedia.org/wiki/Modica,
Modica,Modica Bassa,36.857,14.764,"Lower town with shops, lights, and river memories.",Perfume of cacao and exhaust.,modica;urban;baroque;shopping;local-life,https://en.wikipedia.org/wiki/Modica,
Modica,Dente,36.845,14.767,Residential quarter south of the center; calm and local.,"Here, everyone waves — twice.",modica;neighborhood;authentic;urban;quiet,MISSING,
Modica,Frigintini,36.851,14.753,Countryside of olive and carob trees; rural calm and honesty.,The air smells of patience.,modica;countryside;olive;farm;quiet,https://en.wikipedia.org/wiki/Frigintini,
Modica,Marina di Modica,36.722,14.775,Coastal resort with wide beaches and surf breaks.,Summer is a verb here.,modica;beach;surf;summer;local-favorite,https://en.wikipedia.org/wiki/Marina_di_Modica,
Modica,Quartiere Cartellone,36.8533,14.7658,Old artisan district with narrow steps and drying laundry.,Stone and stories stitched together.,modica;neighborhood;artisan;historic;authentic,MISSING,
Monreale,San Martino delle Scale,38.0919,13.2566,Monastery in the hills surrounded by pine and silence.,"Monks, wind, and eternity sharing the same air.",monreale;monastery;forest;spiritual;heritage,https://en.wikipedia.org/wiki/San_Martino_delle_Scale,
Monreale,Pioppo,38.05,13.2333,Hill village in the valley below Monreale; peaceful and green.,You hear roosters before church bells.,monreale;village;hill;authentic;quiet,https://it.wikipedia.org/wiki/Pioppo_(Monreale),
Monreale,Villaciambra,38.061,13.32,Residential suburb with terraces and lemon groves.,"Sicilian suburbia, warm and fragrant.",monreale;neighborhood;local-life;urban;authentic,MISSING,
Monreale,Grisì,37.9534,13.0913,"Rural hamlet west of town; olives, bread, and patience.",The good kind of nothing happens here.,monreale;village;countryside;olive;quiet,MISSING,
Monreale,Aquino,38.07388,13.3025,"Calm area near Monreale’s eastern edge; local, simple, content.",Evening lights flicker like small confessions.,monreale;suburb;quiet;authentic;residential,MISSING,
Nicolosi,Monti Rossi,37.616,15.027,Twin craters born from Etna’s 1669 eruption; forested and peaceful today.,"Ash became earth, earth became memory.",nicolosi;etna;volcano;hiking;nature,https://en.wikipedia.org/wiki/Monti_Rossi,
Nicolosi,Etna Sud,37.699,14.998,"Southern slope of Etna, gateway for excursions and lava views.",The ground breathes — you can feel it under your feet.,nicolosi;etna;volcano;view;adventure,https://en.wikipedia.org/wiki/Mount_Etna,
Nicolosi,Rifugio Sapienza,37.703,15.002,"Mountain base with cable car, trails, and steaming vents.",Coffee at 1900 meters tastes like triumph.,nicolosi;mountain;basecamp;hiking;volcano,MISSING,
Nicosia,Centro Storico,37.751,14.392,"High inland town of arches, towers, and cool mountain air.","Time lingers here, reluctant to move on.",nicosia;historic;mountain;heritage;quiet,"https://en.wikipedia.org/wiki/Nicosia,_Sicily",
Nicosia,Santa Maria Maggiore,37.752,14.39,Gothic-Catalan cathedral dominating the skyline.,Faith carved in volcanic stone.,nicosia;church;heritage;architecture;historic,MISSING,
Nicosia,San Michele,37.753,14.389,Medieval church with frescoes and panoramic steps.,Even silence sounds holy here.,nicosia;church;historic;hill;view,MISSING,
Nicosia,San Felice,37.748,14.398,Hilltop sanctuary surrounded by cypresses and solitude.,You hear your own thoughts for once — and they’re kind.,nicosia;sanctuary;hill;nature;quiet,MISSING,
Nicosia,Villadoro,37.819,14.319,"Small rural village north of Nicosia, olive and wheat fields.",Everything smells of bread and patience.,nicosia;village;countryside;authentic;quiet,MISSING,
Noto,Centro Storico,36.89,15.067,"Baroque capital of Sicily, golden stone glowing at sunset.",A city designed to make you believe in light.,noto;baroque;historic;unesco;architecture,https://en.wikipedia.org/wiki/Noto,
Noto,Noto Antica,36.918,15.015,Ruins of the original Noto destroyed by the 1693 quake.,"Crumbling stone, eternal dignity.",noto;ruins;heritage;earthquake;historic,https://en.wikipedia.org/wiki/Noto_Antica,
Noto,Lido di Noto,36.867,15.083,Beach district south of town; calm sea and slow rhythm.,Seagulls handle the schedule here.,noto;beach;summer;relax;family,MISSING,
Noto,Calabernardo,36.855,15.12,Fishing hamlet with low houses and crystal water.,The air smells like salt and nostalgia.,noto;village;fishing;coast;authentic,MISSING,
Noto,Vendicari (Nature Reserve),36.815,15.083,Protected wetlands and dunes with flamingos and ancient salt pans.,Silence hums louder than people ever could.,noto;reserve;nature;birdwatching;unesco,https://en.wikipedia.org/wiki/Vendicari_Nature_Reserve,
Ortigia,Duomo,37.059,15.292,Baroque cathedral built atop an ancient Greek temple.,Faith layered over marble and centuries.,ortigia;cathedral;baroque;historic;unesco,https://en.wikipedia.org/wiki/Cathedral_of_Syracuse,
Ortigia,Fonte Aretusa,37.059,15.29,Freshwater spring beside the sea; myth of Arethusa still lingers.,Water remembers what stories forget.,ortigia;spring;mythology;heritage;coastal,https://en.wikipedia.org/wiki/Fountain_of_Arethusa,
Ortigia,Foro Italico,37.058,15.294,Seaside promenade with sunset views and local life.,"Teenagers, gelato, and the slow applause of waves.",ortigia;promenade;view;local-life;sunset,MISSING,
Ortigia,Maniace,37.056,15.292,Castle and lighthouse at the island’s tip; proud and salt-streaked.,"Stone and sea, both undefeated.",ortigia;castle;lighthouse;view;heritage,https://en.wikipedia.org/wiki/Castello_Maniace,
Ortigia,Piazza Archimede,37.061,15.293,Central square surrounded by palazzi and fountains.,"Cafés clink, pigeons argue, life continues.",ortigia;square;fountain;urban;local-life,https://en.wikipedia.org/wiki/Piazza_Archimede,
Pachino,Centro Storico,36.716,15.09,"Southernmost town of Italy’s mainland; warm, lively, and genuine.",Tomatoes and laughter share the same color.,pachino;village;historic;local-life;authentic,https://en.wikipedia.org/wiki/Pachino,
Pachino,Morghella,36.734,15.082,Coastal hamlet with small beaches and fishing boats.,Salt crusts on everything — even memories.,pachino;coast;fishing;village;quiet,MISSING,
Pachino,Granelli,36.678,14.967,Long beach with dunes and shallow water; relaxed and wild.,Children build castles that the sea gently edits.,pachino;beach;family;relax;natural,MISSING,
Pachino,Contrada Chiappa,36.693,15.06,Countryside near the coast with farms and vines.,Fields hum under the sun’s command.,pachino;countryside;vineyard;farm;quiet,MISSING,
Pachino,Isola delle Correnti,36.648,15.061,"Southern tip of Sicily, where two seas meet — Ionian and Mediterranean.",Waves collide like old lovers reuniting.,pachino;island;sea;view;landmark,https://en.wikipedia.org/wiki/Isola_delle_Correnti,
Palermo,Albergheria,38.1116,13.3599,"Old neighborhood near Ballarò; raw, colorful, loud.",Chaos wearing its Sunday best.,palermo;market;neighborhood;authentic;urban,https://en.wikipedia.org/wiki/Albergheria,
Palermo,Il Capo (market),38.1191,13.3538,"Historic street market of Palermo; food, voices, and poetry in dialect.",The air is edible here.,palermo;market;food;heritage;local-life,https://en.wikipedia.org/wiki/Il_Capo_(Palermo),
Palermo,Monte di Pietà,38.1171,13.3569,Central quarter wrapped around old churches and narrow alleys.,Where sunlight and gossip share the same streets.,palermo;historic;urban;baroque;authentic,MISSING,
Palermo,Politeama,38.125,13.3561,"Modern heart of Palermo; theaters, cafés, and late-night rhythm.","Caffeine and ambition, Sicilian edition.",palermo;urban;theater;nightlife;modern,MISSING,MISSING
Palermo,Zisa (Castle),38.1168,13.3411,Arab-Norman palace with gardens and cool halls.,Geometry made of faith and shadow.,palermo;castle;heritage;arab-norman;unesco,"https://en.wikipedia.org/wiki/Zisa,_Palermo",
Palermo,Uditore (Parco Uditore),38.1295,13.3278,"Green park west of the center; families, dogs, and laughter.",Peace reclaimed from asphalt.,palermo;park;urban;family;local-life,MISSING,
Palermo,Mondello,38.2008,13.3231,Art Nouveau beach suburb of Palermo; turquoise water and gelato stands.,"Sand, sun, and stylish laziness.",palermo;beach;artnouveau;summer;popular,https://en.wikipedia.org/wiki/Mondello,
Palermo,Sferracavallo (port),38.2006,13.2754,Fishing village west of Palermo; seafood heaven.,"The sea is the menu, the cook, and the applause.",palermo;village;fishing;seafood;authentic,https://en.wikipedia.org/wiki/Sferracavallo,
Palermo,Addaura,38.192,13.3513,Coastal stretch with caves and elegant villas.,Where prehistory meets aperitivo hour.,palermo;coast;cave;historic;luxury,https://en.wikipedia.org/wiki/Addaura,
Palermo,Monte Pellegrino,38.17,13.353,Sacred mountain with sanctuary and breathtaking views.,Pilgrimage of air and awe.,palermo;mountain;view;sanctuary;hiking,https://en.wikipedia.org/wiki/Monte_Pellegrino,
Palermo,Ballarò (market),38.1118,13.3608,"Loud, colorful street market with ancient soul.",The smell of cumin and conversation.,palermo;market;food;authentic;heritage,https://en.wikipedia.org/wiki/Ballar%C3%B2,
Palermo,Centro Storico,38.115698,13.361455,The beating heart of Palermo — chaos and grace intertwined.,History still cooking in real time.,palermo;historic;urban;heritage;baroque,MISSING,
Palermo,Vucciria,38.117961,13.363191,"Once a market, now bars and murals; nightlife with ghosts of merchants.",Every wall has danced once.,palermo;nightlife;art;heritage;market,https://en.wikipedia.org/wiki/Vucciria,
Palermo,Borgo Vecchio,38.128281,13.358595,Working-class quarter near the port; lively and real.,Kids playing soccer under sacred laundry.,palermo;neighborhood;harbor;local-life;authentic,MISSING,
Palermo,Noce,38.117,13.333,Quiet residential zone with history in its bones.,"Ordinary lives, extraordinary warmth.",palermo;neighborhood;residential;urban;authentic,MISSING,
Palermo,Malaspina,38.1195,13.3348,"Early 20th-century suburb, calm and elegant.",Palermo catching its breath.,palermo;suburb;urban;historic;quiet,MISSING,
Palermo,Romagnolo,38.104931,13.38938,Coastal area with seaside walk and small trattorie.,Waves carry the smell of fried sardines.,palermo;coast;seaside;local-life;authentic,MISSING,
Palermo,Settecannoli,38.094981,13.417739,"Eastern district near the sea; working life, unpolished charm.","No filters, no pretense, just Palermo.",palermo;neighborhood;industrial;authentic;urban,MISSING,MISSING
Panarea,Drauto,38.63,15.063,"Quiet area on the southern slope, nature and sea breeze.",Peace hums louder than voices.,panarea;island;nature;quiet;aeolian,MISSING,
Panarea,Ditella,38.627,15.066,Thermal area with fumaroles near the sea; raw and wild.,"Steam, salt, and serenity.",panarea;fumarole;island;nature;authentic,MISSING,
Panarea,San Pietro,38.636,15.066,Main village of Panarea; white houses and bougainvillea everywhere.,Beauty that doesn’t apologize.,panarea;village;island;harbor;heritage,https://en.wikipedia.org/wiki/Panarea,
Panarea,Punta Milazzese,38.636,15.066,Archaeological site on a headland; Bronze Age and blue sea.,The wind still remembers the prayers.,panarea;archaeology;headland;view;historic,https://en.wikipedia.org/wiki/Punta_Milazzese,
Panarea,Cala Junco,38.636,15.066,Curved bay with layered rock walls; turquoise perfection.,A postcard pretending to be real.,panarea;cove;beach;iconic;swim,MISSING,
Panarea,Cala degli Zimmari,38.635,15.065,"Only sandy beach of the island; warm, red-tinted sand.",Where the island sighs with pleasure.,panarea;beach;sand;relax;local-favorite,MISSING,
Pantalica,Necropoli Sud,37.094,15.05,Rock-cut tombs carved into cliffs above the Anapo valley.,The dead have the best view in Sicily.,pantalica;archaeology;unesco;cliff;heritage,https://en.wikipedia.org/wiki/Pantalica,
Pantalica,Fiume Anapo,37.095,15.04,River carving through the canyon; turquoise and eternal.,The sound of water that never hurries.,pantalica;river;hiking;nature;quiet,https://en.wikipedia.org/wiki/Anapo,
Pantalica,Sortino Accesso,37.097,15.037,Northern trailhead from Sortino; gateway into stone and silence.,You enter history through sunlight and dust.,pantalica;trail;access;hiking;historic,MISSING,
Pantalica,Cassaro Accesso,37.093,15.045,Southern entrance near Cassaro village; quieter path and bird calls.,Even echoes walk softly here.,pantalica;trail;access;nature;quiet,MISSING,
Pantelleria,Pantelleria Centro,36.833,11.946,Island capital built on black volcanic stone.,"Heat, wind, and espresso — the island’s trinity.",pantelleria;island;village;volcanic;aeolian,https://en.wikipedia.org/wiki/Pantelleria,
Pantelleria,Scauri,36.789,11.96,Small port and fishing village on the southwest coast.,Boats nod like they know secrets.,pantelleria;harbor;village;fishing;authentic,https://commons.wikimedia.org/wiki/File:Scauri_Pantelleria.jpg,
Pantelleria,Khamma,36.814,11.993,Terraced fields and dammusi houses among caper bushes.,Every wall smells faintly of salt and stubbornness.,pantelleria;village;caper;terrace;authentic,MISSING,
Pantelleria,Gadir,36.815,12.002,Thermal sea pools sheltered by rock; ancient and healing.,Steam rises like small prayers.,pantelleria;thermal;sea;relax;nature,https://commons.wikimedia.org/wiki/File:Gadir_thermal_pools_Pantelleria.jpg,
Pantelleria,Tracino,36.825,12.015,Rural zone with terraces and vineyards climbing toward the volcano.,Wine born from fire.,pantelleria;vineyard;volcanic;village;authentic,MISSING,
Pantelleria,Rekale,36.78,11.98,Quiet inland village of dry stone and wind.,A whisper of life surrounded by silence.,pantelleria;village;inland;quiet;authentic,MISSING,
Pantelleria,Sibà,36.807,11.974,"Heart of rural Pantelleria; gardens, goats, and heat shimmer.",Peace wears the scent of oregano.,pantelleria;village;rural;authentic;nature,MISSING,
Pantelleria,Lago di Venere,36.842,11.958,Emerald crater lake with mineral muds and mirror-flat calm.,Even clouds stop to admire themselves.,pantelleria;lake;volcanic;spa;nature,https://en.wikipedia.org/wiki/Lago_di_Venere,
Pantelleria,Montagna Grande,36.822,11.949,Highest peak on the island; trails and sweeping views.,The wind sounds like an argument between gods.,pantelleria;mountain;hiking;view;nature,https://commons.wikimedia.org/wiki/File:Montagna_Grande_Pantelleria.jpg,
Pantelleria,Cala Levante,36.835,12.008,Rocky bay with crystal water and diving cliffs.,Every splash feels ancient.,pantelleria;cove;diving;sea;authentic,https://commons.wikimedia.org/wiki/File:Cala_Levante_Pantelleria.jpg,
Pantelleria,Cala Tramontana,36.835,12.009,"Twin bay to Cala Levante; quiet, wild, and open to sunset.","Light fades, salt stays.",pantelleria;cove;sunset;coast;relax,https://commons.wikimedia.org/wiki/File:Cala_Tramontana_Pantelleria.jpg,
Paternò,Centro Storico,37.5662,14.9023,Town built around Norman tower; warm and proud.,Old stones glowing like bread crust.,paterno;historic;village;heritage;authentic,https://en.wikipedia.org/wiki/Patern%C3%B2,
Paternò,Collina Storica,37.567,14.901,Hilltop quarter with churches and winding lanes.,Every corner holds a story half-told.,paterno;hill;historic;view;urban,MISSING,
Paternò,Salinelle,37.563,14.888,Geothermal mud pools bubbling near the town.,Earth reminding everyone who’s boss.,paterno;geothermal;nature;volcanic;unique,https://en.wikipedia.org/wiki/Salinelle_di_Patern%C3%B2,
Paternò,Contrada Tre Fontane,37.557,14.898,Rural area of farms and olive groves.,Work written in sweat and sunlight.,paterno;countryside;olive;farm;quiet,MISSING,
Paternò,San Marco,37.564,14.915,Residential quarter east of town; calm and everyday.,"The sound of dishes, not drama.",paterno;neighborhood;urban;authentic;quiet,MISSING,
Petralia Sottana,Centro Storico,37.82,14.092,Madonie mountain town with noble calm and cobbled grace.,Air so clear it feels like forgiveness.,petralia;mountain;village;heritage;quiet,https://en.wikipedia.org/wiki/Petralia_Sottana,
Petralia Sottana,Madonie Park (central zone),37.826,14.1,"Core of the Madonie park; forests, trails, and stone shepherd huts.",Even the silence grazes here.,petralia;park;nature;mountain;hiking,https://en.wikipedia.org/wiki/Madonie,
Petralia Sottana,Piano Battaglia,37.823,14.061,"Ski meadow in winter, hiking plateau in summer.",Snow or grass — always beauty.,petralia;mountain;hiking;ski;nature,https://en.wikipedia.org/wiki/Piano_Battaglia,
Petralia Sottana,Contrada San Michele,37.8224,14.0908,"Rural area below town, olive trees and air that never stops moving.","Wind as companion, not intruder.",petralia;countryside;olive;quiet;authentic,MISSING,
Petrosino,Southern zone,37.6758,12.4667,Coastal area between Marsala and Mazara; vineyards and beaches.,Wine and sea pretending to be land.,petrosino;coast;vineyard;quiet;authentic,https://en.wikipedia.org/wiki/Petrosino,
Piazza Armerina,Centro Storico,37.384,14.369,Baroque hill town wrapped in art and devotion.,Stone that glows even without sun.,piazza;baroque;historic;heritage;urban,https://en.wikipedia.org/wiki/Piazza_Armerina,
Piazza Armerina,Villa Romana del Casale,37.366,14.362,Roman villa with exquisite mosaics — UNESCO treasure.,Even the floor tells stories here.,piazza;roman;unesco;mosaic;heritage,https://en.wikipedia.org/wiki/Villa_Romana_del_Casale,
Piazza Armerina,Bellia,37.377,14.373,Rural area north of town with green slopes and old farms.,Where silence grows crops.,piazza;countryside;farm;quiet;authentic,MISSING,
Piazza Armerina,Monte Mira,37.38,14.387,Hill east of the city with wide views and forest trails.,The scent of pine and memory.,piazza;hill;view;nature;hiking,MISSING,
Piazza Armerina,Contrada Ramursura,37.3892,14.3687,Outskirts of the town; villas and slow evenings.,Twilight paints the walls pink.,piazza;neighborhood;suburb;quiet;authentic,MISSING,
Polizzi Generosa,Centro Storico,37.816,14.006,High Madonie town with medieval lanes and noble air.,The mountains taught it dignity.,polizzi;village;mountain;historic;authentic,https://en.wikipedia.org/wiki/Polizzi_Generosa,
Polizzi Generosa,Parco delle Madonie,37.821,14.021,Parkland around the town; chestnut and oak forests.,Every breeze carries centuries of patience.,polizzi;park;nature;forest;hiking,https://en.wikipedia.org/wiki/Madonie,
Polizzi Generosa,Contrada San Gandolfo,37.823,14.012,Rural slope dotted with small farms and orchards.,"A life counted in harvests, not hours.",polizzi;countryside;farm;fruit;authentic,MISSING,
Polizzi Generosa,Giardino del Balzo,37.8176,14.0059,Historic terraced garden overlooking valleys.,Where geometry met longing.,polizzi;garden;heritage;view;romantic,MISSING,
Porto Empedocle,Porto,37.288,13.52,Fishing port and ferry terminal to Lampedusa; lively and working.,"Engines, gulls, and Sicilian noise.",porto;harbor;fishing;urban;authentic,https://en.wikipedia.org/wiki/Porto_Empedocle,
Porto Empedocle,Kaos (Pirandello),37.285,13.52,Birthplace of writer Luigi Pirandello; museum by the sea.,"Identity and irony, side by side.",porto;museum;literature;heritage;sea,https://en.wikipedia.org/wiki/Casa_Natale_di_Luigi_Pirandello,
Porto Empedocle,Marinella,37.28,13.514,Suburban beach zone south of port; simple and local.,Waves louder than conversation.,porto;beach;local-life;coastal;authentic,MISSING,
Porto Empedocle,Punta Grande,37.28,13.506,Rocky point with beach cafés and sea views.,Sundown and espresso in equal measure.,porto;coast;beach;sunset;relax,MISSING,
Portopalo di Capo Passero,Centro Storico,36.667,15.133,Southernmost town of Sicily; fishing nets and faith side by side.,"Here, the island ends but stories don’t.",portopalo;village;fishing;heritage;authentic,https://en.wikipedia.org/wiki/Portopalo_di_Capo_Passero,
Portopalo di Capo Passero,Isola di Capo Passero,36.651,15.128,Tiny island with Spanish fortress; reachable by sandbar.,"Two steps through water, and you’re in another century.",portopalo;island;fortress;historic;view,https://en.wikipedia.org/wiki/Isola_di_Capo_Passero,
Portopalo di Capo Passero,Scalo Mandrie,36.662,15.134,Fishing landing with calm coves and boats at rest.,The tide breathes slower here.,portopalo;harbor;fishing;quiet;authentic,MISSING,
Portopalo di Capo Passero,Punta delle Formiche,36.65,15.145,Eastern cape with cliffs and crystal water.,Sea and wind compete for your attention.,portopalo;cape;cliff;coast;view,MISSING,
Portopalo di Capo Passero,Contrada Morghella,36.672,15.104,Rural hinterland north of town; fields and citrus.,The scent of work well done.,portopalo;countryside;farm;citrus;quiet,MISSING,
Priolo Gargallo,Centro Storico,37.147,15.183,Industrial town with working charm and plain honesty.,"Not pretty, but proud.",priolo;urban;industrial;authentic;local-life,https://en.wikipedia.org/wiki/Priolo_Gargallo,
Priolo Gargallo,Marina di Priolo,37.153,15.188,Small beach and promenade near the town.,Families and sea breeze after long shifts.,priolo;beach;local-life;relax;urban,MISSING,
Priolo Gargallo,Penisola Magnisi (Nature Reserve),37.16,15.186,Salt flats and wetlands teeming with birds and light.,A stillness so alive it almost hums.,priolo;reserve;nature;birdwatching;unesco,https://commons.wikimedia.org/wiki/File:Penisola_Magnisi_Priolo.jpg,
Priolo Gargallo,Stazione Priolo,37.145,15.179,"Old railway station, now ghostly and sunburned.","Trains left, but the echoes stayed.",priolo;railway;heritage;urban;historic,MISSING,
Ragusa,Ragusa Superiore,36.927,14.73,Modern upper town with wide boulevards and cafés.,Every view looks toward memory.,ragusa;urban;baroque;historic;heritage,"https://en.wikipedia.org/wiki/Ragusa,_Sicily",
Ragusa,Ragusa Ibla,36.926,14.734,"Lower baroque city, domes and stairways cascading through light.",The kind of beauty that forgives everything.,ragusa;baroque;unesco;heritage;romantic,https://en.wikipedia.org/wiki/Ragusa_Ibla,
Ragusa,Marina di Ragusa,36.782,14.545,Coastal resort with long promenade and golden sand.,Gelato melting slower than time.,ragusa;beach;summer;local-life;relax,https://en.wikipedia.org/wiki/Marina_di_Ragusa,
Ragusa,Puntarazzi,36.884,14.671,Countryside north of town; olive trees and stone farms.,Silence punctuated by cicadas.,ragusa;countryside;olive;farm;quiet,MISSING,
Ragusa,Contrada Camemi,36.91,14.641,Rural plateau of fields and fig trees; wide and patient.,The horizon takes its time here.,ragusa;countryside;farm;quiet;authentic,MISSING,
Ragusa Ibla,Quartiere San Giorgio,36.924,14.736,"Old quarter below the cathedral; steep lanes, arches, and quiet grace.","Laundry, bells, and the sigh of the afternoon wind.",ragusa;baroque;historic;quiet;heritage,https://en.wikipedia.org/wiki/Ragusa_Ibla,
Ragusa Ibla,Ibla Antica,36.923,14.735,The ancient heart of Ragusa before the 1693 quake; fragments of old walls and time.,Even ruins here know how to look elegant.,ragusa;baroque;ruins;historic;heritage,MISSING,
Ragusa Ibla,Contrada Barriera,36.9194,14.7362,"Southern edge of Ibla; gardens, olives, and terraced light.",Peace measured in sunlit minutes.,ragusa;countryside;olive;quiet;authentic,MISSING,
Randazzo,Centro Storico,37.878,14.95,Medieval lava-stone town on Etna’s northern flank; stoic and strong.,The color of the walls matches the volcano’s heart.,randazzo;volcanic;historic;mountain;heritage,https://en.wikipedia.org/wiki/Randazzo,
Randazzo,San Martino,37.882,14.946,Old parish with lava-black façade and Romanesque calm.,Faith forged in basalt.,randazzo;church;heritage;volcanic;historic,https://en.wikipedia.org/wiki/Randazzo,
Randazzo,Santa Maria,37.878,14.951,Cathedral built of Etna stone; solemn beauty and faint sulfur scent.,God carved in black rock.,randazzo;cathedral;heritage;volcanic;historic,https://en.wikipedia.org/wiki/Randazzo,
Randazzo,Piana di San Leone,37.889,14.94,"Wide plateau north of town; fields, lava, and slow horizons.",Even the wind moves cautiously here.,randazzo;plateau;nature;volcanic;quiet,MISSING,
Randazzo,Parco dell’Etna (north zone),37.895,14.96,Entrance to Etna Park’s northern trails; forests and ash underfoot.,"The mountain breathes, you listen.",randazzo;etna;park;hiking;nature,https://en.wikipedia.org/wiki/Parco_dell%27Etna,
Realmonte,Scala dei Turchi,37.288,13.475,White limestone cliffs carved smooth by sea and wind.,Stone folded like cream under sunlight.,realmonte;cliff;beach;iconic;photography,https://en.wikipedia.org/wiki/Scala_dei_Turchi,
Realmonte,Lido Rossello,37.289,13.459,Main beach near Realmonte; gentle waves and warm evenings.,A quieter applause than Scala’s but just as sincere.,realmonte;beach;summer;family;relax,MISSING,
Realmonte,Pergole,37.277,13.451,Fishing village with coves and calm waters.,"Salt on the lips, peace in the air.",realmonte;village;coast;quiet;authentic,MISSING,
Realmonte,Giallonardo,37.287,13.438,Wide golden beach framed by cliffs; raw and natural.,Waves write slow poetry here.,realmonte;beach;coast;nature;quiet,https://en.wikipedia.org/wiki/Realmonte,
Rosolini,Centro Storico,36.822,14.952,Baroque town with sun-bleached façades and open squares.,Life unfolds at espresso speed.,rosolini;baroque;historic;urban;heritage,https://en.wikipedia.org/wiki/Rosolini,
Rosolini,Modica Alta (border zone),36.835,14.923,Hilly area linking Rosolini to Modica’s heights; vines and windmills.,"Between one story and the next, there’s always wine.",rosolini;vineyard;hill;heritage;authentic,MISSING,
Rosolini,Cava Santa,36.826,14.967,Deep limestone gorge with cave dwellings and springs.,Stone that still remembers voices.,rosolini;gorge;nature;archaeology;quiet,MISSING,
Rosolini,Serrameta,36.832,14.954,"Countryside of olive and almond trees; honest, slow land.",Silence ploughed into the soil.,rosolini;countryside;olive;farm;quiet,MISSING,
Rosolini,Contrada Giubiliana,36.812,14.9575,Old rural district with farmhouses and citrus groves.,Patience smells like oranges.,rosolini;countryside;farm;citrus;authentic,MISSING,
Salina,Santa Marina Salina,38.558,14.87,"Main port of the island; pastel houses, cafés, and ferries arriving lazily.",Every arrival feels like forgiveness.,salina;island;harbor;aeolian;heritage,https://en.wikipedia.org/wiki/Santa_Marina_Salina,
Salina,Malfa,38.573,14.854,"Green terraces, wine, and Aeolian calm; the island’s poetic heart.",Wind carries the scent of capers and nostalgia.,salina;village;island;wine;authentic,https://en.wikipedia.org/wiki/Malfa,
Salina,Leni,38.557,14.83,Small inland village with narrow streets and lemon air.,Time stretches like a lazy cat.,salina;village;inland;authentic;quiet,"https://en.wikipedia.org/wiki/Leni,_Sicily",
Salina,Rinella,38.554,14.816,Tiny harbor with black sand and sleepy rhythm.,"The sea whispers secrets, nobody interrupts.",salina;harbor;beach;aeolian;relax,"https://en.wikipedia.org/wiki/Leni,_Sicily",
Salina,Pollara,38.578,14.83,Bowl-shaped bay from *Il Postino* film; unreachable beauty.,Love letters and salt share the same paper.,salina;cove;film;romantic;iconic,https://en.wikipedia.org/wiki/Pollara,
Salina,Monte Fossa delle Felci,38.583,14.849,"Extinct volcano, highest point of the Aeolian Islands.",You climb into silence itself.,salina;mountain;hiking;view;nature,https://en.wikipedia.org/wiki/Monte_Fossa_delle_Felci,
San Vito Lo Capo,Centro Storico,38.176,12.735,"Whitewashed village with couscous, palms, and perfume of the sea.",Africa and Sicily greet each other here.,sanvito;village;beach;heritage;fusion,https://en.wikipedia.org/wiki/San_Vito_Lo_Capo,
San Vito Lo Capo,Macari,38.166,12.72,"Rocky coastline west of town; raw, clear, and quiet.","No crowds, just horizon.",sanvito;coast;cliff;quiet;nature,https://it.wikipedia.org/wiki/Macari_(San_Vito_Lo_Capo),
San Vito Lo Capo,Castelluzzo,38.145,12.73,Olive valley near the sea; green serenity.,The color of calm is this.,sanvito;countryside;olive;quiet;authentic,https://it.wikipedia.org/wiki/Castelluzzo,
San Vito Lo Capo,Monte Monaco,38.187,12.745,Tall limestone peak above the bay; climbing and hiking haven.,Every echo has muscle.,sanvito;mountain;hiking;climbing;view,MISSING,
San Vito Lo Capo,Capo San Vito,38.1886,12.7454,Northern cape with lighthouse and crystal water.,Where light meets salt.,sanvito;cape;lighthouse;view;coastal,MISSING,
San Vito Lo Capo,Baia Santa Margherita,38.154,12.727,Wild bay framed by cliffs; calm and breathtaking.,Freedom comes in waves.,sanvito;beach;coast;nature;photography,https://en.wikipedia.org/wiki/San_Vito_Lo_Capo,
Sant’Agata di Militello,Centro Storico,38.0683,14.6414,Coastal town between sea and Nebrodi hills; honest and warm.,Every conversation ends with laughter.,santagata;village;harbor;local-life;authentic,https://en.wikipedia.org/wiki/Sant%27Agata_di_Militello,
Sant’Agata di Militello,Porto Turistico,38.068,14.637,Modern marina with sailboats and morning calm.,"Coffee, ropes, and rising light.",santagata;harbor;marina;coast;authentic,MISSING,
Sant’Agata di Militello,Calarco,38.067,14.648,Residential area with sea views and lemon gardens.,"Happiness, if it exists, smells like this.",santagata;neighborhood;coast;quiet;authentic,MISSING,
Sant’Agata di Militello,Contrada Torrecandele,38.0685,14.648,Rural outskirts with olive and carob trees.,The soft rhythm of the countryside.,santagata;countryside;olive;farm;quiet,MISSING,
Savoca,Borgo Storico,37.9701,15.3543,Hill village immortalized in *The Godfather*; cobbled lanes and silence.,You expect Marlon Brando around every corner.,savoca;village;film;heritage;iconic,https://en.wikipedia.org/wiki/Savoca,
Savoca,Chiesa di San Nicolò,37.971,15.353,Medieval church above the valley; cinematic and sacred.,Faith and cinema share the same altar.,savoca;church;film;heritage;view,https://it.wikipedia.org/wiki/Chiesa_di_San_Nicol%C3%B2_(Savoca),
Savoca,Cappuccini,37.972,15.355,Monastery with mummified friars; dark and fascinating.,Mortality never looked so well-preserved.,savoca;monastery;crypt;heritage;historic,MISSING,
Savoca,Rina,37.958,15.365,Green valley below Savoca with citrus and streams.,Life written in lowercase beauty.,savoca;valley;farm;citrus;quiet,MISSING,
Sciacca,Centro Storico,37.507,13.083,"Port city of tiles, hot springs, and stubborn charm.",The sea and the streets share the same rhythm.,sciacca;historic;harbor;urban;heritage,https://en.wikipedia.org/wiki/Sciacca,
Sciacca,Porto,37.506,13.091,Busy fishing port with restaurants and chaos worth loving.,"Salt, diesel, and perfect imperfection.",sciacca;harbor;seafood;authentic;local-life,https://en.wikipedia.org/wiki/Sciacca,
Sciacca,Monte Kronio,37.503,13.111,Volcanic hill with natural caves and thermal breath.,The earth still exhales here.,sciacca;volcanic;hill;thermal;nature,https://en.wikipedia.org/wiki/Monte_Kronio,
Sciacca,Stufe di San Calogero,37.505,13.117,Ancient vapor baths carved into rock; sacred and steamy.,Holiness with humidity.,sciacca;thermal;spa;historic;heritage,https://it.wikipedia.org/wiki/Stufe_di_San_Calogero,
Sciacca,Sovareto,37.488,13.091,Beach area west of town; golden sand and calm evenings.,Summer stretched thin as honey.,sciacca;beach;coast;relax;family,MISSING,
Sciacca,Timpi Russi,37.4745,13.1063,Cliffs and coves south of Sciacca; quiet and scenic.,The sea writes poetry on stone.,sciacca;cliff;coast;nature;quiet,MISSING,
Scicli,Centro Storico,36.789,14.707,Baroque jewel of the southeast; churches and drama in stone.,Grace carved with Sicilian flair.,scicli;baroque;unesco;heritage;romantic,https://en.wikipedia.org/wiki/Scicli,
Scicli,San Bartolomeo,36.788,14.708,Canyon-side church nestled among cliffs.,Faith literally carved into rock.,scicli;church;baroque;cliff;historic,https://it.wikipedia.org/wiki/Chiesa_di_San_Bartolomeo_(Scicli),
Scicli,Santa Maria La Nova,36.787,14.707,Luminous church surrounded by pastel houses.,Every prayer ends with a smile.,scicli;church;baroque;heritage;authentic,https://it.wikipedia.org/wiki/Chiesa_di_Santa_Maria_La_Nova_(Scicli),
Scicli,Chiafura,36.785,14.708,Abandoned cave dwellings carved into a hill.,People lived inside poetry once.,scicli;caves;archaeology;heritage;historic,https://en.wikipedia.org/wiki/Chiafura,
Scicli,Donnalucata,36.748,14.704,Fishing village and beach with soft evenings.,A quiet postcard still alive.,scicli;village;beach;authentic;relax,https://en.wikipedia.org/wiki/Donnalucata,
Scicli,Sampieri,36.73,14.799,Long sandy beach and old tuna factory ruins.,Ruins that smile at the sea.,scicli;beach;heritage;quiet;family,https://en.wikipedia.org/wiki/Sampieri,
Scopello,Tonnara di Scopello,38.071,12.812,Historic tuna-fishing station turned icon; turquoise bay and stone towers.,Salt and sunlight aging beautifully.,scopello;tonnara;heritage;coast;iconic,https://en.wikipedia.org/wiki/Tonnara_di_Scopello,
Scopello,Faraglioni di Scopello,38.071,12.812,Sea stacks rising from blue water; Sicily’s postcard in motion.,Rocks rehearsing eternity.,scopello;cliff;sea;photography;romantic,https://it.wikipedia.org/wiki/Faraglioni_di_Scopello,
Scopello,Riserva dello Zingaro (north entrance),38.1087,12.8256,"Entrance to the nature reserve; trails, bays, and wild thyme.","Nature unfiltered, unapologetic.",scopello;reserve;nature;hiking;unesco,https://en.wikipedia.org/wiki/Zingaro_Nature_Reserve,
Selinunte,Parco Archeologico di Selinunte,37.585,12.826,Ancient Greek city by the sea; temples in golden ruin.,The past stands taller than we do.,selinunte;archaeology;greek;unesco;heritage,https://en.wikipedia.org/wiki/Selinunte,
Selinunte,Marinella di Selinunte,37.578,12.827,Small coastal town beside the ruins; quiet charm and seafood tables.,Dinner beside eternity.,selinunte;village;harbor;seafood;authentic,https://en.wikipedia.org/wiki/Marinella_di_Selinunte,
Selinunte,Triscina di Selinunte,37.566,12.854,Residential stretch of beach houses and summer stillness.,Waves do all the talking.,selinunte;beach;summer;quiet;relax,https://it.wikipedia.org/wiki/Triscina,
Settecannoli,Romagnolo-border,38.0995,13.4028,Eastern edge of Palermo’s coast; fishing sheds and quiet resilience.,Life continues even when the sea forgets.,palermo;coast;urban;authentic;quiet,MISSING,
Siculiana,Siculiana Marina,37.304,13.422,Small coastal village with golden beach and slow evenings.,The air tastes like salt and kindness.,siculiana;beach;village;authentic;relax,https://en.wikipedia.org/wiki/Siculiana_Marina,
Siculiana,Torre Salsa (WWF Nature Reserve),37.316,13.387,"Protected dunes and cliffs; wild, untouched Sicily.",Nature doing her best impression of eternity.,siculiana;reserve;beach;nature;unesco,https://en.wikipedia.org/wiki/Torre_Salsa,
Siculiana,Montallegro (near zone),37.364,13.383,Hills and farmland near Torre Salsa; quiet inland peace.,Every road smells faintly of wheat and heat.,siculiana;countryside;farm;authentic;quiet,"https://en.wikipedia.org/wiki/Montallegro,_Sicily",
Siracusa,Ortigia,37.0585,15.2927,"Historic island heart of Siracusa; markets, marble, and myth.",Beauty here feels both accidental and deliberate.,siracusa;island;baroque;heritage;urban,https://en.wikipedia.org/wiki/Ortigia,
Siracusa,Neapolis,37.066,15.283,Archaeological park with Greek theater and Roman ruins.,Even silence performs here.,siracusa;archaeology;greek;roman;unesco,https://en.wikipedia.org/wiki/Neapolis_Archaeological_Park,
Siracusa,Acradina,37.07,15.284,Residential and historic quarter northeast of Neapolis.,Life layered over centuries of dust.,siracusa;historic;urban;authentic;local-life,https://en.wikipedia.org/wiki/Acradina,
Siracusa,Epipoli,37.088,15.279,Ancient fortified zone; remains of Dionysius’ walls.,"Stonework built for eternity, still waiting.",siracusa;fortress;archaeology;heritage;historic,https://en.wikipedia.org/wiki/Epipolae,
Siracusa,Tiche,37.075,15.284,Modern quarter built over Greek ruins; quiet and lived-in.,The ghosts have good neighbors.,siracusa;urban;modern;heritage;authentic,https://en.wikipedia.org/wiki/Tyche_(Syracuse),
Siracusa,Grottasanta,37.073,15.29,Caves and catacombs beneath modern streets.,"Beneath life, more life.",siracusa;catacombs;archaeology;historic;mystery,MISSING,
Siracusa,Pizzuta,37.069,15.289,Residential area near the old necropolis; gentle calm.,"Nothing spectacular, everything sincere.",siracusa;urban;quiet;local-life;authentic,MISSING,
Siracusa,Plemmirio (Marine Reserve),37.009,15.322,"Protected coastal area with cliffs, turquoise sea, and diving spots.",Where land finally gives up to sea.,siracusa;reserve;marine;nature;diving,https://en.wikipedia.org/wiki/Plemmirio,
Siracusa,Fonte Ciane,37.058,15.26,Spring and river with papyrus groves; myth of Arethusa echoes.,Water carrying the memory of a god’s pursuit.,siracusa;spring;mythology;nature;heritage,https://en.wikipedia.org/wiki/Ciane,
Stromboli,San Vincenzo,38.792,15.212,Main settlement at the volcano’s foot; black sand and white walls.,Beauty built beside danger.,stromboli;island;village;volcano;aeolian,https://en.wikipedia.org/wiki/Stromboli,
Stromboli,Ficogrande,38.794,15.215,"Largest beach of Stromboli; calm mornings, glowing nights.","The sea doesn’t sleep, it hums.",stromboli;beach;island;volcanic;authentic,https://it.wikipedia.org/wiki/Ficogrande,
Stromboli,Piscità,38.8,15.219,Northern hamlet with views of Sciara del Fuoco; wild and quiet.,You hear fire breathing under stars.,stromboli;island;village;volcano;view,https://it.wikipedia.org/wiki/Piscit%C3%A0,
Stromboli,Scari,38.793,15.215,"Port area with cafés, boats, and black sand streets.",Chaos wrapped in charm.,stromboli;harbor;island;aeolian;authentic,https://it.wikipedia.org/wiki/Scari,
Stromboli,Ginostra,38.789,15.188,Tiny southern village reachable only by sea; pure isolation.,Electricity feels like a rumor here.,stromboli;village;remote;island;quiet,https://en.wikipedia.org/wiki/Ginostra,
Stromboli,Sciara del Fuoco,38.797,15.206,Lava slope where eruptions tumble into the sea; surreal sight.,Fire meeting water — their old argument continues.,stromboli;volcano;lava;iconic;nature,https://en.wikipedia.org/wiki/Sciara_del_Fuoco,
Stromboli,Strombolicchio,38.817,15.254,Tiny sea stack and old lighthouse northeast of island.,A rock with pride issues.,stromboli;islet;lighthouse;iconic;view,https://en.wikipedia.org/wiki/Strombolicchio,
Taormina,Centro Storico,37.8525,15.287,"Elegant streets, balconies, and endless views of the Ionian Sea.",Luxury pretending to be accidental.,taormina;historic;luxury;heritage;romantic,https://en.wikipedia.org/wiki/Taormina,
Taormina,Teatro Antico,37.851,15.292,Greek theater still in use; Etna watching from afar.,Drama never left this stage.,taormina;theater;greek;unesco;iconic,https://en.wikipedia.org/wiki/Ancient_theatre_of_Taormina,
Taormina,Castelmola (upper village),37.862,15.275,"Hilltop village above Taormina; quieter, cooler, more real.",You drink almond wine and forget ambition.,taormina;village;hill;view;authentic,https://en.wikipedia.org/wiki/Castelmola,
Taormina,Mazzarò,37.845,15.293,Beach cove with hotels and boats bobbing lazily.,The kind of idleness that feels like achievement.,taormina;beach;coast;luxury;relax,https://it.wikipedia.org/wiki/Mazzar%C3%B2,
Taormina,Isola Bella,37.853,15.298,Tiny island linked by a sandbar; turquoise postcard made real.,Heaven with an entry fee.,taormina;island;beach;iconic;photography,https://en.wikipedia.org/wiki/Isola_Bella_(Sicily),
Taormina,Giardini Naxos (nearby),37.824,15.269,Seaside town below Taormina; long beach and family energy.,"Life without pretense, just sunlight.",taormina;beach;coast;local-life;authentic,https://en.wikipedia.org/wiki/Giardini_Naxos,
Taormina,Madonna della Rocca,37.855,15.282,Chapel perched on cliff above town; views to forever.,Faith balanced on rock and sky.,taormina;chapel;view;heritage;spiritual,MISSING,
Tindari,Santuario di Tindari,38.138,15.061,Clifftop shrine dedicated to the Black Madonna; solemn and vast.,Devotion overlooking the sea.,tindari;sanctuary;church;heritage;view,https://en.wikipedia.org/wiki/Tindari,
Tindari,Laghetti di Marinello,38.137,15.057,Shallow lagoons below the sanctuary; ever-changing sandbanks.,Nature’s geometry redrawn daily.,tindari;lagoon;nature;coast;unesco,https://en.wikipedia.org/wiki/Marinello_lakes,
Tindari,Patti Marina,38.134,15.083,Beachfront suburb with trattorie and evening strolls.,"Ordinary happiness, extraordinary view.",tindari;beach;harbor;local-life;authentic,MISSING,
Tindari,Mongiove,38.132,15.089,Coastal hamlet with caves and calm water.,Silence shaped by tide.,tindari;village;coast;cave;quiet,MISSING,
Trapani,Centro Storico,38.017,12.535,"Historic center on a narrow peninsula; salt, wind, and charm.",The sea guards both sides of the story.,trapani;historic;harbor;urban;heritage,https://en.wikipedia.org/wiki/Trapani,
Trapani,Porto,38.02,12.52,Port district with ferries to the islands; bustling and salty.,Departure smells like diesel and dreams.,trapani;harbor;urban;authentic;sea,https://en.wikipedia.org/wiki/Port_of_Trapani,
Trapani,Torre di Ligny,38.019,12.508,Watchtower and museum at the tip of the city; sea on all sides.,"The end of land, the start of longing.",trapani;tower;heritage;view;coast,https://en.wikipedia.org/wiki/Torre_di_Ligny,
Trapani,Saline di Trapani e Paceco,37.98,12.495,Salt flats and windmills south of the city; pink water and flamingos.,Even work looks like poetry here.,trapani;reserve;salt;birdwatching;unesco,https://en.wikipedia.org/wiki/Saline_di_Trapani_e_Paceco_Nature_Reserve,
Trapani,Rilievo,37.9663,12.5663,Inland village between Trapani and Marsala; quiet and sunny.,The rhythm of tractors and church bells.,trapani;village;inland;authentic;quiet,https://it.wikipedia.org/wiki/Rilievo_(Trapani),
Trapani,Colline di Erice,38.0379,12.55,Hills rising toward Erice; vineyards and endless views.,The clouds pass like slow guests.,trapani;hill;vineyard;view;heritage,MISSING,
Trecastagni,Centro Storico,37.615,15.064,Etna foothill town with lava streets and lively squares.,The mountain watches every conversation.,trecastagni;village;etna;heritage;authentic,https://en.wikipedia.org/wiki/Trecastagni,
Trecastagni,Monte Serra,37.616,15.062,Hill park and observatory; Etna visible through the haze.,You can almost hear the volcano breathe.,trecastagni;hill;view;nature;quiet,MISSING,
Trecastagni,Tarderia,37.637,15.065,Small hamlet surrounded by chestnut woods.,Autumn’s favorite hideout.,trecastagni;village;forest;quiet;authentic,MISSING,
Trecastagni,Lavinaio,37.619,15.089,Residential slope between vineyards and lava fields.,Where life clings beautifully to black rock.,trecastagni;neighborhood;volcanic;authentic;quiet,MISSING,
Troina,Centro Storico,37.783,14.602,"Ancient hilltop town, once Norman capital of Sicily; stone lanes and deep pride.",The kind of quiet that holds its breath for centuries.,troina;historic;village;heritage;mountain,https://en.wikipedia.org/wiki/Troina,
Troina,Lago Ancipa,37.813,14.568,Artificial lake surrounded by forests and misty hills.,Even reflections seem tired — in a beautiful way.,troina;lake;nature;quiet;scenic,https://en.wikipedia.org/wiki/Lake_Ancipa,
Troina,Bosco di Troina,37.792,14.59,"Thick forest northeast of town, chestnut and oak country.",Birdsong louder than any confession.,troina;forest;nature;hiking;authentic,MISSING,
Troina,Contrada Serro,37.784,14.61,Rural district with scattered farms and stone walls.,Life written in dust and sunlight.,troina;countryside;farm;authentic;quiet,MISSING,
Vittoria,Centro Storico,36.952,14.534,Grid-planned town from the 1600s; lively markets and art nouveau façades.,Order wrapped in Sicilian chaos.,vittoria;urban;heritage;baroque;authentic,"https://en.wikipedia.org/wiki/Vittoria,_Sicily",
Vittoria,Scoglitti,36.92,14.437,Fishing village on the coast; long beach and shrimp boats at dawn.,"Sea, sun, and the smell of promise.",vittoria;beach;harbor;authentic;local-life,https://en.wikipedia.org/wiki/Scoglitti,
Vittoria,Contrada San Basilio,36.945,14.552,Rural outskirts of Vittoria; vineyards and red earth.,Wine and dust share the same color.,vittoria;countryside;vineyard;authentic;quiet,MISSING,
Vittoria,Fiera Emaia,36.949,14.538,Fairgrounds and market area; hub of commerce and noise.,Proof that Sicilian business is never boring.,vittoria;market;urban;events;local-life,MISSING,
Vulcano,Porto di Levante,38.403,14.964,Main harbor of Vulcano island; thermal muds and ferry traffic.,"Steam, salt, and sunscreen — all in one breath.",vulcano;island;harbor;thermal;aeolian,https://en.wikipedia.org/wiki/Vulcano,
Vulcano,Porto di Ponente,38.405,14.961,Western bay of Vulcano; black sand beach and calm water.,Volcano dust turned into paradise.,vulcano;beach;island;volcanic;relax,https://it.wikipedia.org/wiki/Vulcano_(isola),
Vulcano,Piano,38.419,14.975,Small inland settlement surrounded by green slopes.,Peace with a faint smell of sulfur.,vulcano;village;island;nature;authentic,MISSING,
Vulcano,Gelso,38.37,14.97,Remote southern hamlet with a lonely lighthouse and vineyards.,"The edge of everything, and it feels right.",vulcano;village;island;lighthouse;quiet,MISSING,
Vulcano,Gran Cratere,38.405,14.963,Main volcanic crater with panoramic views and sulfur vents.,Where the earth remembers its temper.,vulcano;volcano;hiking;iconic;nature,https://en.wikipedia.org/wiki/Fossa_(volcano),
Zafferana Etnea,Centro Storico,37.6945,15.107,Etna-side town with elegant squares and honey shops.,Sweetness living beside fire.,zafferana;etna;village;heritage;authentic,https://en.wikipedia.org/wiki/Zafferana_Etnea,
Zafferana Etnea,Milo,37.712,15.109,Mountain village surrounded by vineyards and chestnut woods.,Wine born from lava and patience.,zafferana;etna;village;wine;authentic,"https://en.wikipedia.org/wiki/Milo,_Sicily",
Zafferana Etnea,Pisano,37.681,15.079,Small settlement with citrus and silence.,Even the air smells handmade.,zafferana;etna;village;citrus;quiet,MISSING,
Zafferana Etnea,Fleri,37.652,15.086,Residential town rebuilt after eruptions; resilient and real.,Scars turned into streets.,zafferana;etna;village;volcanic;authentic,https://en.wikipedia.org/wiki/Fleri,
Zafferana Etnea,Saragoddio,37.683,15.1025,Countryside hamlet between lava fields and olive groves.,Life clinging beautifully to black soil.,zafferana;etna;countryside;olive;quiet,MISSING,
Zafferana Etnea,Saragoddio,37.683,15.1025,Countryside hamlet between lava fields and olive groves.,Life clinging beautifully to black soil.,zafferana;etna;countryside;olive;quiet,MISSING,
