name,short_desc,tucci_story
Aci Castello,Black lava cliffs and a castle by the sea.,"The castle rises straight out of the lava, a black tooth against the bright Ionian water. It isn’t grand; it’s stubborn—built to last through centuries of salt, wind, and small arguments about who owned what piece of the coast. From the top, you see fishing boats tracing the same curved paths their fathers once did, nets heavy with sardines and gossip. Down in the village, time softens. The stone streets are narrow enough to make strangers brush shoulders, and someone is always frying anchovies somewhere close. In late afternoon, the sea turns the color of cold steel, and kids still dare each other to jump from the rocks near the pier. It’s not adventure—it’s inheritance. Evening settles like a sigh. The castle wall glows gold for a few minutes before the sun slips behind it. A small bar under the cliff serves lemon granita in plastic cups, and the bartender calls everyone compare, friend. The kind of place that doesn’t care if you’re a tourist or a ghost, as long as you watch the light fade with the right kind of silence."
Aci Trezza,Seaside village framed by the Cyclops rocks.,"Out past the small harbor, black rocks jut from the sea like half-sunk giants. The locals say they’re the stones Cyclops threw at Ulysses, though no one here bothers with mythology anymore. They just call them faraglioni and use them as landmarks for swims, proposals, and stupid teenage dares. Aci Trezza smells of salt, diesel, and fried calamari. The fishing boats look too fragile to survive the open water, but they do—painted in blues that have faded to memory. The town runs on habit: coffee at the same bar, gossip outside the church, nets mended in the same slow rhythm. Verga wrote about this life in I Malavoglia, but here it never became literature—it just kept happening. At sunset, the horizon turns the color of apricots and smoke. Old men lean on the railing, arguing about weather patterns like the sea will take notes. Down below, the water catches every word and swallows it whole. Aci Trezza doesn’t perform for visitors. It lets you stand there, silent, until you understand that beauty here is not decoration—it’s endurance."
Acireale,"Baroque terraces above the Ionian, built on lava and faith.","Acireale rises in layers, all stone and devotion. Churches bloom like marble flowers, every corner carved to prove that beauty can be louder than the sea. From the terraces, the view slides down to citrus groves and rooftops—terracotta against green. The bells echo off the cliffs, sharp and bright, and somewhere below, a scooter coughs its way uphill. The town smells like pastry cream and exhaust, equal parts heaven and habit. In the evening, people drift toward Piazza Duomo, claiming benches as if they were thrones. Conversation is the true architecture here: unplanned, ornate, always unfinished. The air turns syrupy with heat and laughter, and the lights flicker on—one by one—like the town refuses to admit the day is over.  "
Adrano,A volcano’s shadow and the stubborn life beneath it.,"Adrano sits where Etna’s breath still feels warm. You hear the mountain in the silence between passing cars, in the way the dust settles on every balcony. The town is neither rich nor poor—it’s volcanic: it builds, burns, and builds again. The castle, Norman and severe, keeps watch over cracked piazzas and shouting markets. Old women sell almonds and curse the mayor in the same breath. Around them, boys tune mopeds like priests preparing mass. Life here is a kind of defiance. When Etna glows at night, no one panics—they step outside to look, nod, and go back in. There’s comfort in knowing that something older and angrier than politics still runs this place.  "
Agrigento,Temples caught between wind and time.,"Agrigento doesn’t whisper its history; it lets the stone speak. The Valley of the Temples glows like a mirage when the sun falls low, columns breathing the dust of centuries. Above it, the modern town hums with espresso machines and bus brakes, pretending not to notice its own ruins. Locals drive past the temples like they’re just another roundabout. Yet at dusk, even the cynics pause—the light hits the sandstone just right, and for a moment the past looks alive enough to touch. Down in the streets, the air thickens with roasted almonds and church bells. You start to realize that everything sacred here has learned to coexist with the ordinary.  "
Alicudi,The island that forgot the mainland.,"Alicudi feels like the edge of the map, where silence starts to take shape. No cars, just stone steps climbing through wild fennel and the sound of the sea that never shuts up. The ferry comes when it feels like it. Time, here, is a suggestion. The houses are white scars against volcanic rock, and every path seems to lead either upward or inward. At night, stars fall so close you could swear they hiss in the water. There’s no nightlife—just conversations carried by wind, and the occasional lantern swaying outside a doorway. It’s not escape, exactly. It’s what happens when you stop pretending you need one.  "
Augusta,Port town with salt in its blood and smoke on the horizon.,"Augusta is all contradictions—naval yards beside pastel balconies, fishermen mending nets under the shadow of oil refineries. The harbor still smells of diesel and thyme. People here live by tides, not clocks. The fortress guards the water, a leftover from when cannonballs were still a threat. On Sundays, families walk the pier like it’s a promenade through memory. You can almost hear the ghosts of sailors laughing over cheap wine. At dusk, the refineries light up like a false city, and the sea reflects it with quiet sarcasm. Life goes on, rough-edged but steady, like a rope pulled too many times but never breaking.  "
Avola,"Where almonds, blood oranges, and patience grow.","Avola lies low, close to the earth, built on a geometry of sunlight and dust. The grid of streets feels deliberate, calm—like someone once believed order could keep the sea at bay. In the markets, old men break open almonds and argue about harvests. The air is thick with citrus, sweet and metallic. Baroque façades flake like old paint, but the town doesn’t mind. It knows beauty is temporary and flavor isn’t. When the wind turns inland, it carries the scent of Nero d’Avola grapes warming on the vine. The locals call it the smell of luck. You call it reason enough to stay for dinner.  "
Bagheria,Palaces gone feral and art that refuses to behave.,"Bagheria once hosted aristocrats; now it hosts chaos with style. The villas, half crumbling, half alive, look like set pieces from a dream that never ended. This is where Guttuso painted his anger and Tornatore filmed nostalgia. The streets hum with small rebellions—Vespas, shouting vendors, a smell of grilled sardines and paint thinner. Nothing here is quiet, not even the pigeons. Yet in the noise, you catch grace: a doorway framed in faded blue, a laugh too big for the space it’s in. Bagheria wears its ruin like jewelry, and somehow, it shines brighter for it."
Bronte,The land of pistachios and volcanic stubbornness.,"Bronte clings to the slopes of Etna, where the soil is black and alive. Every gust of wind smells faintly of ash and sweetness. Pistachios grow here like stubborn miracles—small, intense, green as jealousy. The town moves at the rhythm of church bells and tractors, both equally vital. In every café, someone claims their family invented the best *pistacchio cream*. They’re all right. In the evenings, smoke drifts from the volcano and mixes with woodfire from kitchens. Bronte knows beauty isn’t gentle—it’s earned through lava, sweat, and sugar.  "
Butera,A hilltop fortress watching the endless wheat fields.,"Butera rises out of central Sicily like a mirage of stone and pride. The landscape around it is soft and golden, but the town is anything but gentle. The streets coil upward, sun-baked and narrow, until you reach the old castle that once ruled everything within sight. Down below, the fields shimmer like an ocean made of dust. Life here moves with agricultural patience. Bread, wine, olives—it’s the trinity of survival. When evening falls, the hills hum with crickets and old stories about barons who never left. Butera doesn’t change; it just outlasts whoever tries to.  "
Caltagirone,The city that turned clay into art.,"Caltagirone looks carved from light. Staircases of hand-painted tiles climb toward the sky, each step telling a different story—angels, lemons, saints, and sin. The whole place feels like a ceramics workshop that accidentally became a city. Every corner smells of glaze and espresso. The clatter of cups echoes off façades that glow with sunburned color. Artists here don’t chase perfection—they chase personality. You can feel it in every uneven tile, every lopsided balcony. When the day fades, the tiled steps catch the last rays like they were made to hold sunsets.  "
Caltanissetta,"Heart of Sicily, where grit meets grace.","Caltanissetta is a contradiction dressed in dust. Once rich from sulfur, now quietly forgotten, it sits in the center of the island like a weary storyteller. The streets are too wide for the traffic they no longer have. Cafés serve pastries filled with pistachio cream and regret. Yet under the worn façades, there’s warmth. People greet you like a long-lost cousin, then complain about politics until you laugh. The air smells of almonds, diesel, and endurance. Caltanissetta doesn’t try to impress—it just invites you to sit, sip something sweet, and listen to its stubborn heartbeat.  "
Capo d’Orlando,The coast where modern life forgot to hurry.,"Capo d’Orlando stretches along the Tyrrhenian like a sigh. The sea here is theatrical—turquoise mornings, gold evenings, storms that arrive like gossip. Fishermen still head out before dawn, while the town wakes slowly behind them. There’s a rhythm to it: laundry on balconies, espresso at the same café, waves clapping against the promenade like applause. In summer, the beach fills with umbrellas, each one a small declaration of leisure. But when autumn comes, Capo d’Orlando becomes itself again—quiet, sun-faded, patient. A place that doesn’t need you, but lets you stay anyway.  "
Caronia,Where forest meets the forgotten coast.,"Caronia hides between the Nebrodi mountains and the sea, a secret caught between green and blue. The air smells of pine and salt, depending on which way you turn. Old houses cling to the hillside like stubborn memories. Wild boar wander too close at night. Locals shrug—they were here first. The pace is slow enough to make silence feel like company. From the cliffs, the view stretches forever, but no one here seems impressed. They’ve seen it all before. That’s the charm: a town too humble to sell its beauty, and too proud to lose it.  "
Castelbuono,A mountain town with the appetite of a city.,"Castelbuono sits high and hungry. Every doorway smells like almonds, chocolate, or slow-cooked meat. The locals speak fast, laugh louder, and never trust anyone who refuses a second glass of wine. The castle watches over the chaos, as if pretending this is still medieval decorum. It isn’t. It’s better. Time in Castelbuono doesn’t pass—it ferments. Between the Madonie peaks, life is measured in meals and festivals. If you leave without tasting manna—the sweet sap they harvest from ash trees—you’ll regret it longer than your hangover.  "
Castellammare del Golfo,The postcard that actually exists.,"The town spills down to the sea like it’s posing for a photograph it knows it’ll win. White houses stacked above a harbor full of fishing boats, each with a name that sounds like a prayer. The water is so clear it feels rude to touch it. At night, lights shimmer on the surface, and the restaurants hum with the soft violence of cutlery and conversation. You eat grilled swordfish, you drink too much, and you realize this is exactly what every imitation of Sicily tries to be. Castellammare doesn’t need to advertise—it just is.  "
Catania,"Etna’s city—loud, alive, and lava-built.","Catania doesn’t walk; it charges. The streets pulse with horns, heat, and the smell of frying arancini. Every wall wears a layer of ash and pride. Baroque churches rise out of black lava like defiance carved in stone. Etna looms above, smoking like it disapproves of everything. And still, life goes on: markets shouting in every dialect, kids darting between scooters, lovers arguing in doorways. Catania is chaos with rhythm. You don’t visit to rest—you visit to remember what energy feels like before it burns out.  "
Cefalà Diana,A hilltop whisper of old baths and quiet resilience.,"Cefalà Diana hides in plain sight, known mostly for its Arab-Norman bathhouse—a relic that still breathes steam from underground springs. The village around it feels untouched by ambition. Olive trees lean into the wind, roofs shimmer under the noon sun, and the silence is heavier than it looks. People here measure time by harvests and gossip cycles. You come up the winding road expecting ruins, and you find life instead—slow, steady, self-contained. It’s the kind of place that doesn’t need to prove its worth; it simply endures."
Cefalù,"Where sea, stone, and faith share a single rhythm.","Cefalù glows like a dream that accidentally became real. The Norman cathedral looms above narrow alleys that smell of citrus and salt, its mosaics catching the same light that dances on the Tyrrhenian. Fishermen mend nets beside gelato shops, and the old women gossip from balconies as if they run the tides. The sea presses right up against the medieval walls—blue, insistent, familiar. In the evenings, you can watch the sun sink behind La Rocca, staining the water gold. Cefalù isn’t about nostalgia; it’s about continuity, a perfect circle of stone and surf that never stops breathing.  "
Comiso,The quiet town that learned to live with ghosts.,"Comiso has seen too much—earthquakes, air bases, departures—but it carries all of it with a calm shrug. The streets are honey-colored, the kind that glow even under cloudy skies. Baroque façades lean in close, listening to their own echoes. Artisans still craft lace, priests still linger in the shade, and in the central square, children chase pigeons under the statue of someone no one remembers. At night, when the air cools, Comiso feels like a secret you weren’t supposed to find, and the locals—polite but distant—let you keep it.  "
Donnafugata,"The palace, the myth, and the taste of stone fruit.","Donnafugata isn’t really a town—it’s an echo of a story. The castle sprawls across the countryside, more theater than fortress, its rooms filled with dust and the sighs of vanished nobility. Outside, the vineyards shimmer under the Sicilian sun, promising something better than history: wine. You wander the halls expecting ghosts and find instead the stubborn scent of apricots and earth. The walls are heavy with privilege and regret, but the air outside is forgiving. You realize that escape, *fuga*, isn’t running—it’s returning, just with a glass in hand.  "
Enna,"The island’s navel, where sky and myth meet.","Enna sits high enough to make the clouds feel like neighbors. From the castle’s edge, you can see both coasts on a clear day—if you believe that kind of thing. The air tastes like iron and thyme. Persephone’s legend still lingers here, the story of descent and return, of life built on loss. The modern town hums below, stubbornly alive: markets, scooters, weddings that spill into alleys. Enna teaches humility; no one stands that close to heaven without remembering how small they are.  "
Favignana,The butterfly island with salt on its wings.,"Favignana floats between turquoise and time. Its wings—two limestone halves—open to beaches so pale they could be illusions. The old tuna factory stands silent now, its stone arches framing the sea. Bicycles clatter through narrow lanes, baskets filled with bread, wine, and sand. There’s no urgency here, only rhythm: swim, eat, nap, repeat. When the wind shifts, you smell the salt pans and the faint sweetness of cactus fruit. By dusk, the island folds back into shadow, content to remain both reachable and unreachable.  "
Filicudi,A rock in the sea that chose peace over progress.,"Filicudi is where you go when you’ve run out of excuses to stay elsewhere. One road, one port, one heartbeat. The sea is impossibly clear, and the cliffs rise like unshaven giants. Time slows to the pace of a cigarette. The few who live here tend to both the land and their solitude. The night sky looks prehistoric. There’s no nightlife, no signal, just stars and the sound of your own pulse syncing with the tide. Filicudi doesn’t offer escape—it offers erasure, and that’s rarer.  "
Forza d’Agrò,The hill that dreams in cinema.,"Forza d’Agrò feels like déjà vu. The cobbled streets and terracotta roofs have starred in more films than most actors. *The Godfather* passed through here, but the locals barely noticed—they’ve seen real drama. From the church square, the view drops to the Ionian, the kind of beauty that doesn’t need an audience. Olive trees twist along the slopes, and bells toll without apology. The town feels half real, half remembered, but its heart beats steady. Cinema may have borrowed its face, but Forza d’Agrò kept its soul.  "
Francofonte,The scent of oranges and the calm of routine.,"Francofonte lies among citrus groves that stretch to the horizon. The air is syrupy with the smell of oranges even when they’re out of season. Life follows the harvest calendar—slow, methodical, fragrant. In the mornings, the town hums with tractors and small talk; by noon, it sleeps under white light. The people here know how to make simplicity sacred. A glass of fresh juice, a cracked wall catching sunlight, a laugh that rolls down the street. Francofonte doesn’t perform—it glows quietly from within.  "
Gangi,A crown of stone balanced on a mountain.,"Gangi looks like a sculpture that forgot to stop being lived in. Houses stack on each other like books, roofs blending into rock. The streets twist and narrow until you feel like you’ve wandered into someone’s secret. Wind carries the smell of bread and wood smoke. From the highest terrace, the island unfolds beneath you like a confession. People here are proud, unhurried, kind in the way that comes from surviving winters. Gangi feels ancient but alert—as if time paused out of respect.  "
Gela,Where history burns and the sea remembers.,"Gela is raw, sunbaked, and loud with contradiction. Ancient Greek ruins crumble beside industrial tanks that hiss at the horizon. The sea is both wounded and holy, depending on who you ask. Yet in the chaos, life insists—children playing football in the dust, fishmongers shouting over the gulls, lovers sharing granita on a cracked seawall. Gela doesn’t hide its scars; it wears them like medals. There’s honesty in that kind of ruin. It’s what Sicily has always done best—survive beautifully."
Giardini Naxos,Where memory and seafoam share the same color.,"Giardini Naxos was Sicily’s first Greek colony, and it still feels like a place halfway between myth and beach holiday. The sea glitters against black sand, and the air smells of salt, sunscreen, and nostalgia. In the evenings, when the crowds fade, you can still hear the slow breath of the Ionian. The ruins by the shore are modest, almost shy, but they carry the weight of beginnings. This is where Sicily learned to look outward—to invite, to seduce, to endure.  "
Ispica,A valley of silence carved by faith and stone.,"Ispica hides its beauty underground. The Cava d’Ispica winds like a forgotten poem through rock and greenery—chapels, caves, and echoes from centuries that didn’t know how to end. Above, the town gleams in soft beige, Baroque and sun-tired. Life is unhurried here: morning bells, coffee that tastes like patience, and evenings that drift into candlelight. It’s not a place you visit; it’s a place that slowly decides to let you in.  "
Lampedusa,The island that refuses to look away.,"Lampedusa sits closer to Africa than to Sicily, and it knows it. The sea here is impossibly clear, cruelly beautiful. Boats arrive full of stories that no one should have to tell. Yet life continues—fishermen mend nets, children dive from rocks, tourists chase sunsets they can’t pronounce. The contrast is unbearable and necessary. Lampedusa is not paradise; it’s reality, bathed in Mediterranean blue. And somehow, that honesty makes it sacred.  "
Lentini,The inland town that still smells like the coast.,"Lentini was once a Greek city, and you can feel that old logic in its streets—geometry softened by time. Oranges and olive groves surround it like a moat of fragrance. The market buzzes with the kind of noise that feels older than language. Lentini’s charm isn’t obvious; it’s cumulative. You notice it after a few hours—the rhythm of shutters, the easy way people nod instead of speaking, the stubborn dignity of a town that doesn’t need to prove it’s Sicilian.  "
Letojanni,The calm shadow of Taormina.,"Letojanni stretches quietly along the coast, always mistaken for its glamorous neighbor. But here, the beach belongs to locals, the prices to sanity, and the pace to whoever’s holding the gelato. Fishermen haul their catch beside towel-draped tourists, and everyone gets along fine. The sunsets here are slow, deliberate, a painter’s exercise in restraint. Letojanni doesn’t compete—it breathes.  "
Levanzo,A fragment of limestone afloat in blue silence.,"Levanzo is small enough to forget your own urgency. White houses line the tiny port, blue shutters staring straight into the sea. There are caves with prehistoric art, but most visitors come for the silence—the kind that feels alive. The island hums softly: waves, cicadas, the occasional motorboat. No nightlife, no traffic, just sea and stone. The kind of simplicity that makes you nervous at first, then grateful.  "
Licata,A working port with sand in its soul.,"Licata doesn’t play pretty; it plays real. Fishing boats grind against the docks, gulls scream for leftovers, and the harbor smells like iron and salt. But follow the backstreets and you find art nouveau façades, pastel houses, and bakeries turning out pastries filled with ricotta and rebellion. The locals are tough and funny; they’ve learned to love the sea and curse it in the same breath. Licata is rough sunlight—it doesn’t flatter, but it lingers.  "
Linosa,"Black rock, blue sea, and the quiet between.","Linosa looks like it was forgotten by time but loved by color. The lava fields ripple toward the horizon, dotted with prickly pear and painted houses that look stolen from a child’s sketchbook. No cars, no noise—just wind, sea, and the occasional burst of laughter from a fishing boat. Nights here are absolute, starlit and endless. Linosa is what the word “remote” dreams it could be.  "
Lipari,The liveliest of the silent islands.,"Lipari hums with a gentle chaos—boats, scooters, and the clink of wine glasses against volcanic cliffs. The air smells of sea spray and lemon peel. History is layered thick here: Greeks, Romans, pirates, and poets all left fingerprints. The castle above the port watches it all, patient. By day, the island bustles; by night, it sighs into calm. Lipari is contradiction made charming—loud, ancient, and somehow intimate.  "
Marettimo,The blue island that forgot the concept of hurry.,"Marettimo feels like a secret the sea meant to keep. The water here is so clear it looks invented, and the caves shimmer like underwater cathedrals. Fishermen move at the same pace as the tide, and the only real sound is the splash of oars. There are no cars, no neon, just limestone and sea. Even time gives up pretending to matter. On Marettimo, life is stripped to essentials: salt, light, and peace."
Marsala,The city that turned sunlight into wine.,"Marsala glows in gold tones—both from the sunsets and the fortified wine that carries its name. The streets smell faintly of oak barrels and salt air. Old palazzi watch over narrow lanes where cats rule and conversation flows like dessert. Every sip of the local wine tastes like patience, like a century that never really ended. Beyond town, salt pans stretch to the horizon, pink and silver under the windmills. Marsala isn’t about indulgence; it’s about craft perfected to quiet confidence.  "
Marzamemi,A fishing village that learned to love its reflection.,"Marzamemi feels like it was built just for twilight. The piazza fills with the scent of grilled fish and laughter that bounces off the stone. Once a tuna-processing village, now it survives on beauty and memory. Boats painted in impossible blues rest in shallow water, waiting for their next excuse to work. The locals pour chilled wine into jelly glasses and talk as if the sea were listening. Nothing here moves fast, and that’s exactly the point.  "
Mazara del Vallo,Where Sicily greets Africa every morning.,"Mazara del Vallo is a mosaic of cultures, a city where Arabic whispers blend with Sicilian curses. The Kasbah district twists in bright alleys of tile and graffiti, and from every window spills the smell of cumin, orange, and frying fish. Down by the water, fishermen patch nets with hands that remember both migration and survival. The bronze statue of the Dancing Satyr watches over it all—a reminder that beauty can rise from shipwrecks. Mazara doesn’t just face the sea—it converses with it.  "
Menfi,"Vineyards, wind, and the luxury of simplicity.","Menfi lies between the land and the hush of the Mediterranean. The hills roll with vines that turn to gold by late summer, and the wind never really stops. Everything tastes of earth here—wine, bread, the air itself. There’s no spectacle, only rhythm: harvest, laughter, sleep. The sea nearby is still and honest, like the people. Menfi isn’t the kind of beauty you photograph. It’s the kind you drink.  "
Messina,The city that lives between earthquakes and ferries.,"Messina is motion itself—boats coming, trains leaving, horns, bells, water. Rebuilt, broken, rebuilt again, it wears its resilience like a habit. The cathedral clock strikes with theatrical precision, gold figures dancing for a city that never fully stops to watch. The Strait glimmers like temptation; Calabria feels close enough to touch. Messina’s chaos is its charm—half port, half prayer, all pulse.  "
Milazzo,The edge where the sea sharpens its memory.,"Milazzo points like a finger into the Tyrrhenian, daring the wind to argue. The castle looms above the port, watching ferries drift toward the Aeolian Islands. Down below, fishermen drink espresso from paper cups at dawn. The town is raw, functional, and secretly poetic. Follow the road to Capo Milazzo and you’ll find silence, broken only by waves smashing into black cliffs. It feels like the end of something, or maybe the start.  "
Mistretta,A mountain village carved from fog and faith.,"Mistretta clings to the Nebrodi like it’s afraid of falling. Clouds drift through its streets, brushing past doorways and bell towers. Life here is slow and deliberate: bread baked in wood ovens, gossip traded like currency, time marked by church bells. The town’s stone seems to breathe in the mist. Visitors always whisper here, as if loud voices might break the spell.  "
Modica,Baroque sugar and stone in equal measure.,"Modica lies in layers, stacked like a cake—churches, staircases, balconies overflowing with geraniums. The scent of chocolate fills the air, gritty and spiced the old Aztec way. Every view looks painted, every corner a confession of beauty. When it rains, the whole town glistens like caramel. You can walk for hours and still feel you haven’t earned it.  "
Monreale,Where sunlight and mosaics argue over glory.,"Monreale crowns Palermo’s valley like a golden dream. The cathedral walls shimmer with saints, kings, and long-forgotten promises—all in tesserae that catch the morning light. Outside, citrus groves slope down toward the sea. The air hums with bees and tourists equally dazzled. Monreale’s beauty is unapologetic, the kind that silences everyone who steps inside. Even cynics leave believing in something—if only craftsmanship.  "
Nicolosi,The last stop before the fire.,"Nicolosi lies at the foot of Etna, where life and lava coexist. The streets are black with volcanic dust, and the air carries the faint tang of sulfur. Every shop sells something infused with ash—honey, soap, pride. At night, when the mountain glows red, no one panics; they step outside, take a photo, and order another drink. Nicolosi understands danger as heritage. The people don’t fear Etna—they toast her."
Nicosia,The hill town that learned to balance faith and fog.,"Nicosia straddles two peaks, each crowned with churches like rival siblings trying to outshine each other. The air smells of woodsmoke and damp stone, and bells ring from all directions, rarely in sync. The streets twist into themselves, quiet except for the sound of shutters slamming in the wind. There’s an unhurried dignity here—a sense that life’s rhythm is set by altitude, not ambition. When the clouds descend, Nicosia becomes a dream with edges softened by devotion.  "
Noto,Baroque perfection painted in honey and light.,"Noto looks unreal at noon, when the limestone glows like warm butter. Every façade curves with confidence, like a city designed to flirt with sunlight. After the 1693 earthquake, they rebuilt it not in sorrow but in style—an architectural apology to beauty itself. Cafés spill out onto piazzas, serving granita so cold it hurts and laughter so warm it heals. At sunset, the buildings blush; at night, they sigh. Noto doesn’t age—it preens.  "
Ortigia,The island heart of Siracusa.,"Ortigia is both fortress and flirtation. The streets are narrow enough for whispers, the balconies heavy with flowers and secrets. You hear the sea before you see it; it surrounds everything, licking at marble steps and ancient temples now pretending to be cathedrals. The market bursts with sound and scent—lemons, anchovies, wild herbs. Ortigia is small, but it carries the soul of an empire in its pocket. You leave feeling you’ve just met history on its day off.  "
Pachino,The southern edge where flavor begins.,"Pachino smells of tomatoes, sun, and ambition. Fields stretch to the sea, heavy with fruit that will end up in half the world’s sauces. The town itself is plain, practical—built for work, not wonder. But the produce, that’s art. Farmers talk about soil the way poets talk about love: obsessively, reverently, with a hint of exhaustion. By evening, the air turns sweet, and the streets hum with quiet satisfaction. Pachino’s beauty isn’t visual—it’s edible.  "
Palermo,The chaos that refuses to apologize.,"Palermo is noise, color, contradiction—Sicily condensed into one defiant heartbeat. Arabic domes, Norman arches, baroque balconies, and graffiti all share the same sun. Markets shout in dialects older than grammar, frying oil perfume mixing with incense. The city smells like desire and decay. Every corner is a stage, every face a story. Palermo doesn’t try to charm you; it overwhelms you until you surrender. Beneath the chaos, there’s rhythm—ancient, messy, and perfectly alive.  "
Panarea,The fashionable speck of volcanic paradise.,"Panarea is the island that pretends not to notice how beautiful it is. Whitewashed villas tumble toward electric-blue sea, and the scent of bougainvillea mixes with perfume from Milan. By day, yachts glitter offshore like jewelry; by night, laughter drifts from terraces over candlelight. Yet under all that glamour, the island keeps its soul—salt, stone, and silence. You come for the luxury, you stay because even wealth can’t outshine the horizon.  "
Pantalica,Where the dead carved their own skyline.,"Pantalica is an echo from another age—thousands of tombs hollowed into limestone cliffs, a necropolis watching over a green river valley. Silence hangs heavy here, broken only by cicadas and wind brushing through reeds. The place hums with awe, not fear. Nature took back what was human and made it eternal. Standing there, you don’t think of death; you think of persistence.  "
Pantelleria,The black pearl between Africa and Sicily.,"Pantelleria is raw elegance—lava rock, dry wind, and vineyards clinging to survival. Houses are white domes against black soil, and the sea crashes in impossible blues. Capers grow like weeds, wine tastes of salt and heat. The island feels foreign, ancient, elemental. Even the air seems heavier, carrying whispers from another continent. Pantelleria doesn’t seduce—it challenges. Those who stay are changed by it.  "
Paternò,The city that stares up at Etna and never flinches.,"Paternò sits under the volcano’s smoky gaze, its streets layered with ash and history. Markets bustle, kids chase footballs across black stone courtyards, and the castle stands guard like a veteran. Life here isn’t romantic—it’s resilient. People grow up knowing the earth can shake, but they plant lemon trees anyway. There’s bravery in that kind of routine.  "
Petralia Sottana,The mountain town that measures time in echoes.,"Petralia Sottana rests deep in the Madonie, where clouds roll through streets like uninvited guests. Stone houses cling to the hills, chimneys puffing like small prayers. The rhythm is slow, deliberate—bread, bells, conversation. At night, the stars feel close enough to brush against. Petralia Sottana doesn’t perform; it endures, quietly magnificent, like an old hymn still remembered by heart."
Petrosino,Where Marsala fades into sea and salt.,"Petrosino is the pause between vineyards and the open Mediterranean—a town made of wind, salt pans, and long afternoons. The streets are wide, the conversations slow. You smell the sea everywhere, even when you can’t see it. Locals talk about tides like family members, familiar and unpredictable. It’s a working place, not a postcard, but the sunsets here could convince you otherwise.  "
Piazza Armerina,Ancient mosaics under a quiet sky.,"Piazza Armerina hides its brilliance underground. The Villa Romana del Casale, with its floors of endless mosaics, glows in the filtered light—hunters, dancers, and gods frozen mid-motion. Above ground, the town itself is subdued, all stone and modest charm. Cafés buzz with the usual Sicilian calm: one eye on the espresso, the other on eternity. The contrast between the ancient luxury below and the humble life above feels perfectly Sicilian—an empire’s ghost turned local habit.  "
Porto Empedocle,The harbor where literature meets salt air.,"This port town lives in the shadow of Agrigento’s temples and the voice of Andrea Camilleri’s Montalbano. Fishing boats creak beside ferries bound for Lampedusa, and the streets smell of oil and fried squid. There’s humor here, dry as the wind. The locals quote novels as if they’d lived them. The sea never shuts up, but no one minds—it’s part of the dialogue. Porto Empedocle feels like a story half told, still waiting for its next page.  "
Portopalo di Capo Passero,The last dot before the sea swallows the map.,"Portopalo is Sicily’s southernmost sigh. Two seas meet here—the Ionian and the Mediterranean—arguing gently over who gets to sparkle more. The town itself is small, almost too calm, but that’s its spell. Boats rock in the harbor, fish dry on wooden racks, and the wind never tires of talking. From the old tuna station you can see Isola delle Correnti, where Italy dissolves into blue. It’s the kind of view that makes silence feel like speech.  "
Priolo Gargallo,Industry wrapped in coastline.,"Priolo Gargallo isn’t the Sicily you see on postcards—it’s the one that keeps the lights on. Refineries hum beside beaches, and the smell of salt mixes with something metallic. Yet even here, life insists. People picnic by the sea, kids fish off concrete docks, and the horizon still glows with stubborn beauty. Priolo teaches you that not every story needs romance to matter.  "
Ragusa,A hill of stone and contradictions.,"Ragusa splits in two—the old town clinging to its gorge like an afterthought, the new one pretending to be modern. Between them, a bridge that feels like time itself. The churches shimmer in late light, all curves and confidence. From every terrace, you can smell jasmine and dinner. Ragusa is a place of double lives—solemn and sensual, proud and welcoming. It’s where Sicily finally admits it loves drama.  "
Ragusa Ibla,The baroque labyrinth that hums at dusk.,"Ragusa Ibla is the dream half of Ragusa—the one that still believes in candlelight. Balconies sag under iron curls and flowers, streets twist downward toward whispers and wine. At night, the lamps turn the stone honey-gold, and everything softens: footsteps, laughter, even time. You don’t visit Ibla; you drift through it, carried by the scent of basil and warm stone.  "
Randazzo,The black heart of Etna’s flank.,"Randazzo was built from the volcano’s own bones—dark lava bricks, hard and heavy. It feels medieval, stubborn, and a little haunted. The streets echo with footsteps, the air smells of woodsmoke and rain. When Etna rumbles, people look up, nod, and continue talking. Randazzo knows resilience; it’s been rebuilt so often it stopped counting. There’s beauty here, quiet and volcanic, forged rather than found.  "
Rosolini,The crossroads where earth and sunlight meet.,"Rosolini doesn’t rush. The town sits low and wide among olive trees and dry fields, every wall the color of bread crust. Its charm is rural, unpolished, and deeply human. You hear laughter before you see faces, smell lunch before you find the door. It’s not famous, and that’s the point—Rosolini is life without pretense, a warm pause in a loud world.  "
Salina,The green heart of the Aeolian Islands.,"Salina rises from the sea like a promise kept. Vineyards climb its slopes, capers cling to every crack, and the twin peaks catch clouds like lazy smoke. The island smells of salt and malvasia wine, sweet and floral. Time moves differently here—slow, circular, forgiving. You drink, you swim, you breathe, and somewhere along the way, you forget what day it is. That’s the island’s quiet gift."
San Vito Lo Capo,"White sand, turquoise sea, and the ghost of couscous.","San Vito Lo Capo feels like a postcard someone forgot to exaggerate. The beach is blindingly white, the sea theatrical in its blue, and the mountains fold around it like stage curtains. Every September, the air smells of cumin and grilled fish during the Cous Cous Fest—Arab, Italian, and everything in between. The evenings are warm, slow, and a little too perfect, the kind of beauty that leaves you both grateful and suspicious.  "
Sant’Agata di Militello,"Between mountains and sea, quiet and certain.","Sant’Agata di Militello rests on the Tyrrhenian coast like a pause between destinations. The Nebrodi mountains lean over it, the sea sighs below. Fishing boats sway beside cafés where everyone knows the bartender’s opinions by heart. There’s no rush, no spectacle—just a rhythm built on tides, seasons, and small talk. It’s the kind of place where life feels properly measured.  "
Savoca,The hill that remembers cinema.,"Savoca is forever tied to Coppola’s *The Godfather*, but behind the fame is a village of silence and stone. The Bar Vitelli still sits in the square, curtains fluttering like a sigh from another decade. The view stretches to the Ionian, endless and unreal. Cats guard doorways, bells mark time, and every alley smells faintly of lemon leaves. Savoca isn’t living in the past—it just refuses to forget.  "
Sciacca,The town that laughs in ceramics and salt.,"Sciacca smells like the sea having a good day. The harbor buzzes with fishing boats and gossip, while the upper town bursts with color—ceramic tiles in every shade of joy. There’s a sharp humor in the people here; they joke even when the sun melts the cobblestones. Thermal baths steam in ancient caves, and balconies drip with flowers and irony. Sciacca wears its centuries like bright jewelry—unapologetically loud, and somehow elegant.  "
Scicli,Baroque perfection hiding in a valley of silence.,"Scicli feels carved rather than built. The palaces are honey-colored and heavy with ornament, yet the air is soft and forgiving. Every street bends toward beauty. In the late afternoon, the town glows—stone, shadow, and birdsong in perfect balance. Montalbano’s fictional world borrowed its face, but Scicli doesn’t need fiction. It’s already art pretending to be real life.  "
Scopello,"Cliffs, coves, and the art of doing nothing.","Scopello is a handful of houses above the kind of bay painters spend lifetimes chasing. The *tonnara*, the old tuna station, still watches the water with weary pride. The faraglioni stand guard offshore, tall and patient. There’s not much to do here—swim, eat, nap, repeat—but that’s the point. The light alone could cure ambition.  "
Selinunte,Ancient columns facing an indifferent sea.,"Selinunte is the ghost of a city that once thought it was eternal. Its temples sprawl across golden hills, broken but not defeated. The sea roars nearby, unimpressed. Walking through, you feel the weight of centuries and the stubbornness of survival. Wildflowers bloom between stones once carved for gods. Time here isn’t cruel—it’s honest.  "
Settecannoli,A Palermo quarter where routine becomes ritual.,"Settecannoli isn’t polished; it’s alive. The streets hum with mopeds, vendors, and voices that blend into something close to music. Laundry hangs like flags of survival between balconies. The markets spill into the asphalt—octopus, lemons, plastic buckets, opinions. It’s working-class Palermo in full technicolor, where everyone’s a comedian and nothing stays quiet for long.  "
Siculiana,Where the wind shapes everything it touches.,"Siculiana sits on a ridge facing the African sea, the kind of place where every gust carries stories. The castle watches over dunes, churches, and rooftops bleached by sun. The beaches below are wild, untamed, home to nesting turtles and long walks without company. The people speak with the calm of those used to wind and waiting.  "
Siracusa,The cradle of reason and ruin.,"Siracusa balances grandeur and decay with practiced grace. Ancient theaters crumble beside busy cafés, and the sea sneaks into every view like a recurring idea. Archimedes once calculated the world here; now locals calculate the perfect granita-to-brioche ratio. The air is dense with history, lemon blossom, and human noise. Siracusa isn’t just beautiful—it’s self-aware about it, which makes it irresistible."
Stromboli,"Fire, sea, and the sound of forever.","Stromboli rises straight from the sea, black and alive. The volcano mutters day and night, sending sparks into skies that never quite darken. The villages below glow white against the rock—simple, fragile, unafraid. You feel small here, but in the best way, reminded that nature doesn’t need permission to be beautiful. The nights smell of ash and jasmine, and somewhere in the dark, someone’s frying fish over open flame as the mountain breathes behind them.  "
Taormina,The balcony of Sicily.,"Taormina floats between mountain and sea, elegant to the point of arrogance. The Greek theater opens to a view so perfect it feels unfair: Etna smoldering to the left, the Ionian shimmering to the right. The streets overflow with flowers, linen, and tourists pretending to be poets. Yet when evening falls and the crowds thin, the town exhales. You sit with a drink, watch the horizon turn to fire, and understand why beauty sometimes needs a stage.  "
Tindari,Clifftop sanctuary over a restless sea.,"Tindari looks down on the world from its sacred height. The Madonna here is black, carved from cedar, her gaze ancient and patient. Below her, the sea carves new sandbars every year—as if still negotiating with heaven. The Greek ruins whisper in the wind, broken but proud. It’s a place of faith and erosion, where miracles and geology share the same language.  "
Trapani,"Salt, wind, and the shimmer of endurance.","Trapani curves like a hook into the western sea. Windmills spin lazily over the salt flats, and the air tastes of minerals and time. The old town is a maze of narrow lanes, where fishermen drink espresso beside marble churches. The light here is addictive—soft gold in morning, silver at dusk. Trapani doesn’t chase progress; it just polishes what’s left of grace.  "
Trecastagni,Etna’s quiet foothill of fire and faith.,"Trecastagni lives in Etna’s shadow and seems to like it. The streets are black with lava stone, the gardens lush with citrus and pride. Every festival here feels half sacred, half celebration of survival. When the volcano rumbles, the town crosses itself and carries on cooking. The people treat Etna like an old relative—loud, unpredictable, impossible not to love.  "
Troina,The oldest heartbeat in Sicily’s spine.,"Troina perches high in the Nebrodi mountains, where clouds roll through the streets like uninvited guests. Stone houses, church bells, and the constant smell of woodfire mark its rhythm. Once Norman, now simply timeless, it feels suspended between memory and sky. The views stretch so far they stop being geography and turn into emotion. Troina isn’t just old—it’s wise enough not to brag about it.  "
Vittoria,The city that built its fortune in sunlight and vines.,"Vittoria is all geometry and grit—wide avenues, markets humming with life, and fields of Nero d’Avola grapes stretching to the horizon. The town smells of warm dust and fermentation, a reminder that even hard work can taste sweet. Art Nouveau façades hide behind palms, and locals argue cheerfully about wine, politics, and who makes the best ricotta. Vittoria isn’t delicate—it’s radiant.  "
Vulcano,The island that never learned subtlety.,"Vulcano greets you with sulfur, steam, and attitude. The air burns your lungs, the mud baths stain your skin, and somehow you fall in love with it anyway. Black sand beaches ring the coast, while fumaroles hiss like warnings from another world. The climb to the crater is brutal and worth every step—the view, part apocalypse, part paradise. Vulcano reminds you that creation always smells a little like destruction.  "
Zafferana Etnea,The sweet town under the smoking mountain.,"Zafferana sits where the volcano meets civility. The honey here is famous—dark, thick, perfumed with ash and flowers. Streets shine with black stone, cafés with pride. Festivals celebrate both lava and life, often at the same time. From every terrace, Etna looms, unpredictable and adored. Zafferana knows that danger and sweetness often share the same source."
